mp_election_index,mp_name,nature_membership,term_start_date,term_end_date,term,pc_name,state,mp_political_party,mp_gender,educational_qualification,educational_qualification_details,mp_age,debates,private_member_bills,questions,attendance,mp_note,national_average_debate,national_average_pmb,national_average_questions,attendance_national_average,state_average_debate,state_average_pmb,state_average_questions,attendance_state_average,mp_house
180213,Mohmad Haneefa,Elected,09-06-2024,In Office,First Term,Ladakh,Ladakh,Independent,Male,Upto Higher Secondary,Matric pass from J&K Board,57,19,0,79,0.876623377, Data corresponds to the period from 24-06-2024 to 13-08-2026.,21.54095681,0.417355372,119.7049443,0.85328087,19,NA,79,0.876623377,Lok Sabha
180285,Shrirang Appa Chandu Barne,Elected,09-06-2024,In Office,Third Term,Maval,Maharashtra,Shiv Sena,Male,Upto Higher Secondary,"10th Passed from Fattechand Jain Vidyalaya, Chinchwad, SSC Board Pune, Maharashtra in year 2022",62,59,3,293,0.961038961, Data corresponds to the period from 24-06-2024 to 13-08-2026.,21.54095681,0.417355372,119.7049443,0.85328087,31.9772979,0.88372093,181.1135105,0.844278827,Lok Sabha
180006,Bhupathiraju Srinivasa Varma,Elected,09-06-2024,In Office,First Term,Narsapuram,Andhra Pradesh,Bharatiya Janata Party,Male,Post Graduate and above,M.A. (Politics) 1999 from Andhra University,59,NA,NA,NA,NA,"This MP is a minister. Ministers represent the government in debates, so we do not report their participation.  They do not sign the attendance register, ask questions, or introduce private member bills. Data corresponds to the period from 24-06-2024 to 13-08-2026.",NA,NA,NA,NA,NA,NA,NA,NA,Lok Sabha
180007,Byreddy Shabari,Elected,09-06-2024,In Office,First Term,Nandyal,Andhra Pradesh,Telugu Desam Party,Female,Post Graduate and above,"PG Degree (M.D. Radio Diagnosis)- Dr. NTR University of Health Sciences, Andhra Pradesh, April 2013",42,24,2,179,0.922077922, Data corresponds to the period from 24-06-2024 to 13-08-2026.,21.54095681,0.417355372,119.7049443,0.85328087,19.54545455,0.5,168.9090909,0.863636364,Lok Sabha
180009,Chandra Sekhar Pemmasani,Elected,09-06-2024,In Office,First Term,Guntur,Andhra Pradesh,Telugu Desam Party,Male,Post Graduate and above,"M.D. Internal Medicine at Geisinger Medical Center in Danville, Pennsylvania, USA 2005",50,NA,NA,NA,NA,"This MP is a minister. Ministers represent the government in debates, so we do not report their participation.  They do not sign the attendance register, ask questions, or introduce private member bills. Data corresponds to the period from 24-06-2024 to 13-08-2026.",NA,NA,NA,NA,NA,NA,NA,NA,Lok Sabha
180012,G M Harish Balayogi,Elected,09-06-2024,In Office,First Term,Amalapuram,Andhra Pradesh,Telugu Desam Party,Male,Graduate,Bachelors of Business Management from GITAM University in 2011,35,29,1,200,0.987012987, Data corresponds to the period from 24-06-2024 to 13-08-2026.,21.54095681,0.417355372,119.7049443,0.85328087,19.54545455,0.5,168.9090909,0.863636364,Lok Sabha
180015,Krishna Prasad Tenneti,Elected,09-06-2024,In Office,First Term,Bapatla,Andhra Pradesh,Telugu Desam Party,Male,Post Graduate and above,"MBA, Indian Institute of Management, Ahmedabad (IIMA) 1983-85",66,26,2,212,0.915584416, Data corresponds to the period from 24-06-2024 to 13-08-2026.,21.54095681,0.417355372,119.7049443,0.85328087,19.54545455,0.5,168.9090909,0.863636364,Lok Sabha
180016,Lavu Sri Krishna Devarayalu,Elected,09-06-2024,In Office,Second Term,Narsaraopet,Andhra Pradesh,Telugu Desam Party,Male,Graduate,"B.Tech. from Andhra University, Visakhapatnam year 2006",43,46,2,219,0.902597403, Data corresponds to the period from 24-06-2024 to 13-08-2026.,21.54095681,0.417355372,119.7049443,0.85328087,19.54545455,0.5,168.9090909,0.863636364,Lok Sabha
180017,Maddila Gurumoorthy,Elected,09-06-2024,In Office,Second Term,Thirupati,Andhra Pradesh,Yuvajana Sramika Rythu Congress Party,Male,Graduate,"Bachelor of Physiotherapy from Sri Venkateswara Institute of Medical science, Tirupati 2004-2008",41,35,3,155,0.954545455, Data corresponds to the period from 24-06-2024 to 13-08-2026.,21.54095681,0.417355372,119.7049443,0.85328087,19.54545455,0.5,168.9090909,0.863636364,Lok Sabha
180022,Putta Mahesh Kumar,Elected,09-06-2024,In Office,First Term,Eluru,Andhra Pradesh,Telugu Desam Party,Male,Graduate,"B.Tech (Civil Engineering) from Jawaharlal Nehru Technology University Hyderabad, 2010",38,11,1,182,0.772727273, Data corresponds to the period from 24-06-2024 to 13-08-2026.,21.54095681,0.417355372,119.7049443,0.85328087,19.54545455,0.5,168.9090909,0.863636364,Lok Sabha
180023,Kinjarapu Rammohan Naidu,Elected,09-06-2024,In Office,Third Term,Srikakulam,Andhra Pradesh,Telugu Desam Party,Male,Post Graduate and above,"MBA from Island University, New York, USA, Year 2011",38,NA,NA,NA,NA,"This MP is a minister. Ministers represent the government in debates, so we do not report their participation.  They do not sign the attendance register, ask questions, or introduce private member bills. Data corresponds to the period from 24-06-2024 to 13-08-2026.",NA,NA,NA,NA,NA,NA,NA,NA,Lok Sabha
180027,Kiren Rijiju,Elected,09-06-2024,In Office,Fourth Term,Arunachal West,Arunachal Pradesh,Bharatiya Janata Party,Male,Graduate,L.L.B. from Law Faculty of University of Delhi in year 1998,54,NA,NA,NA,NA,"This MP is a minister. Ministers represent the government in debates, so we do not report their participation.  They do not sign the attendance register, ask questions, or introduce private member bills. Data corresponds to the period from 24-06-2024 to 13-08-2026.",NA,NA,NA,NA,NA,NA,NA,NA,Lok Sabha
180029,Amarsing Tisso,Elected,09-06-2024,In Office,First Term,Diphu,Assam,Bharatiya Janata Party,Male,Upto Higher Secondary,Senior School Secondary Examination (SSSE) from NIOS in 1995,58,1,1,75,0.902597403, Data corresponds to the period from 24-06-2024 to 13-08-2026.,21.54095681,0.417355372,119.7049443,0.85328087,15.24358974,0.076923077,91.52564103,0.849206349,Lok Sabha
180042,Sarbananda Sonowal,Elected,09-06-2024,In Office,Third Term,Dibrugarh,Assam,Bharatiya Janata Party,Male,Graduate,"LLB G. U. Law College, Gauhati University, Guwahati",63,NA,NA,NA,NA,"This MP is a minister. Ministers represent the government in debates, so we do not report their participation.  They do not sign the attendance register, ask questions, or introduce private member bills. Data corresponds to the period from 24-06-2024 to 13-08-2026.",NA,NA,NA,NA,NA,NA,NA,NA,Lok Sabha
180045,Alok Kumar Suman,Elected,09-06-2024,In Office,Second Term,Gopalganj,Bihar,Janata Dal (United),Male,Post Graduate and above,"Master of Surgery from PMCH, Patna University in year 1991",69,51,6,159,0.993506494, Data corresponds to the period from 24-06-2024 to 13-08-2026.,21.54095681,0.417355372,119.7049443,0.85328087,22.94117647,0.588235294,104.4117647,0.892475172,Lok Sabha
180046,Arun Bharti,Elected,09-06-2024,In Office,First Term,Jamui,Bihar,Lok Janshakti Party (Ram Vilas),Male,Post Graduate and above,"M.B.A. from Strathclyde Business School, University Of Strathclyde, U.K. in year 2004",50,22,3,180,0.824675325, Data corresponds to the period from 24-06-2024 to 13-08-2026.,21.54095681,0.417355372,119.7049443,0.85328087,22.94117647,0.588235294,104.4117647,0.892475172,Lok Sabha
180048,Chirag Paswan,Elected,09-06-2024,In Office,Third Term,Hajipur,Bihar,Lok Janshakti Party (Ram Vilas),Male,Graduate,"B.Tech (IInd Semester) from Bundelkhand University, Jhansi in year 2005",43,NA,NA,NA,NA,"This MP is a minister. Ministers represent the government in debates, so we do not report their participation.  They do not sign the attendance register, ask questions, or introduce private member bills. Data corresponds to the period from 24-06-2024 to 13-08-2026.",NA,NA,NA,NA,NA,NA,NA,NA,Lok Sabha
180053,Giriraj Singh,Elected,09-06-2024,In Office,Third Term,Begusarai,Bihar,Bharatiya Janata Party,Male,Graduate,"B.A. from Magadh University, 1971",73,NA,NA,NA,NA,"This MP is a minister. Ministers represent the government in debates, so we do not report their participation.  They do not sign the attendance register, ask questions, or introduce private member bills. Data corresponds to the period from 24-06-2024 to 13-08-2026.",NA,NA,NA,NA,NA,NA,NA,NA,Lok Sabha
180055,Janardan Singh Sigriwal,Elected,09-06-2024,In Office,Third Term,Maharajganj,Bihar,Bharatiya Janata Party,Male,Graduate,"B.A, Bihar University, Muzaffarpur, 1980",67,39,3,168,1, Data corresponds to the period from 24-06-2024 to 13-08-2026.,21.54095681,0.417355372,119.7049443,0.85328087,22.94117647,0.588235294,104.4117647,0.892475172,Lok Sabha
180056,Jitan Ram Manjhi,Elected,09-06-2024,In Office,First Term,Gaya,Bihar,Hindustani Awam Morcha (Secular),Male,Graduate,"Graduate (Hons.) from Gaya College, Magadh University, Bodh Gaya in year 1966",81,NA,NA,NA,NA,"This MP is a minister. Ministers represent the government in debates, so we do not report their participation.  They do not sign the attendance register, ask questions, or introduce private member bills. Data corresponds to the period from 24-06-2024 to 13-08-2026.",NA,NA,NA,NA,NA,NA,NA,NA,Lok Sabha
180062,Nityanand Rai,Elected,09-06-2024,In Office,Third Term,Ujiarpur,Bihar,Bharatiya Janata Party,Male,Graduate,"B.A. Hons from RN College, Bihar University, Muzaffarpur, 1986",60,NA,NA,NA,NA,"This MP is a minister. Ministers represent the government in debates, so we do not report their participation.  They do not sign the attendance register, ask questions, or introduce private member bills. Data corresponds to the period from 24-06-2024 to 13-08-2026.",NA,NA,NA,NA,NA,NA,NA,NA,Lok Sabha
180065,Raj Bhushan Choudhary,Elected,09-06-2024,In Office,First Term,Muzaffarpur,Bihar,Bharatiya Janata Party,Male,Post Graduate and above,"M.D. from Darbhanga Medical College, Laheriasarai",49,NA,NA,NA,NA,"This MP is a minister. Ministers represent the government in debates, so we do not report their participation.  They do not sign the attendance register, ask questions, or introduce private member bills. Data corresponds to the period from 24-06-2024 to 13-08-2026.",NA,NA,NA,NA,NA,NA,NA,NA,Lok Sabha
180069,Rajiv Pratap Rudy,Elected,09-06-2024,In Office,Fifth Term,Saran,Bihar,Bharatiya Janata Party,Male,Post Graduate and above,"M.A. (Economics) from Magadh University, Bodh Gaya in year 1987",64,28,5,133,0.974025974, Data corresponds to the period from 24-06-2024 to 13-08-2026.,21.54095681,0.417355372,119.7049443,0.85328087,22.94117647,0.588235294,104.4117647,0.892475172,Lok Sabha
180070,Rajiv Ranjan Singh,Elected,09-06-2024,In Office,Fourth Term,Munger,Bihar,Janata Dal (United),Male,Graduate,"B.A. (Hons.), TNB College, Bhagalpur University, Year 1976",71,NA,NA,NA,NA,"This MP is a minister. Ministers represent the government in debates, so we do not report their participation.  They do not sign the attendance register, ask questions, or introduce private member bills. Data corresponds to the period from 24-06-2024 to 13-08-2026.",NA,NA,NA,NA,NA,NA,NA,NA,Lok Sabha
180074,Shambhavi,Elected,09-06-2024,In Office,First Term,Samastipur,Bihar,Lok Janshakti Party (Ram Vilas),Female,Post Graduate and above,Master of Arts (Sociology) Delhi School of Economics (University of Delhi) in Session 2020-2022,28,40,3,227,0.961038961, Data corresponds to the period from 24-06-2024 to 13-08-2026.,21.54095681,0.417355372,119.7049443,0.85328087,22.94117647,0.588235294,104.4117647,0.892475172,Lok Sabha
180093,Tokhan Sahu,Elected,09-06-2024,In Office,First Term,Bilaspur,Chhattisgarh,Bharatiya Janata Party,Male,Post Graduate and above,"M.Com. from SNG College Mungeli, Gurughasidas University Bilaspur in 1996",56,NA,NA,NA,NA,"This MP is a minister. Ministers represent the government in debates, so we do not report their participation.  They do not sign the attendance register, ask questions, or introduce private member bills. Data corresponds to the period from 24-06-2024 to 13-08-2026.",NA,NA,NA,NA,NA,NA,NA,NA,Lok Sabha
180104,Viriato Fernandes,Elected,09-06-2024,In Office,First Term,South Goa,Goa,Indian National Congress,Male,Graduate,"Post Graduate Diploma in Business Administration in Supply Chain Management in 2017, Post Graduate Diploma in Business Administration in Operation in 2015",57,28,1,84,0.87012987, Data corresponds to the period from 24-06-2024 to 13-08-2026.,21.54095681,0.417355372,119.7049443,0.85328087,28,1,84,0.87012987,Lok Sabha
180105,Shripad Yesso Naik,Elected,09-06-2024,In Office,Sixth Term,North Goa,Goa,Bharatiya Janata Party,Male,Graduate,"B.A. from Dempo College of Arts and Science, Bombay University in 1978",73,NA,NA,NA,NA,"This MP is a minister. Ministers represent the government in debates, so we do not report their participation.  They do not sign the attendance register, ask questions, or introduce private member bills. Data corresponds to the period from 24-06-2024 to 13-08-2026.",NA,NA,NA,NA,NA,NA,NA,NA,Lok Sabha
180106,Amit Shah,Elected,09-06-2024,In Office,Second Term,Gandhinagar,Gujarat,Bharatiya Janata Party,Male,Graduate,"B.Sc. (2nd year) from Gujarat College, Gujarat University, Ahmedabad",61,NA,NA,NA,NA,"This MP is a minister. Ministers represent the government in debates, so we do not report their participation.  They do not sign the attendance register, ask questions, or introduce private member bills. Data corresponds to the period from 24-06-2024 to 13-08-2026.",NA,NA,NA,NA,NA,NA,NA,NA,Lok Sabha
180108,Chandrakant Raghunath Patil,Elected,09-06-2024,In Office,Fourth Term,Navsari,Gujarat,Bharatiya Janata Party,Male,Upto Higher Secondary,ITI from Surat in year 1974,71,NA,NA,NA,NA,"This MP is a minister. Ministers represent the government in debates, so we do not report their participation.  They do not sign the attendance register, ask questions, or introduce private member bills. Data corresponds to the period from 24-06-2024 to 13-08-2026.",NA,NA,NA,NA,NA,NA,NA,NA,Lok Sabha
180122,Mansukh Mandaviya,Elected,09-06-2024,In Office,First Term,Porbandar,Gujarat,Bharatiya Janata Party,Male,Post Graduate and above,"Ph.D from Maharaja Krishnakumarsinhji University, Bhavnagar in year 2021",54,NA,NA,NA,NA,"This MP is a minister. Ministers represent the government in debates, so we do not report their participation.  They do not sign the attendance register, ask questions, or introduce private member bills. Data corresponds to the period from 24-06-2024 to 13-08-2026.",NA,NA,NA,NA,NA,NA,NA,NA,Lok Sabha
180126,Nimuben Jayantibhai Bambhaniya,Elected,09-06-2024,In Office,First Term,Bhavnagar,Gujarat,Bharatiya Janata Party,Female,Graduate,"B.Ed. from Bhavnagar University in 2002, B.Sc from Bhavnagar University in 1990",59,NA,NA,NA,NA,"This MP is a minister. Ministers represent the government in debates, so we do not report their participation.  They do not sign the attendance register, ask questions, or introduce private member bills. Data corresponds to the period from 24-06-2024 to 13-08-2026.",NA,NA,NA,NA,NA,NA,NA,NA,Lok Sabha
180128,Parshottambhai Rupala,Elected,09-06-2024,In Office,First Term,Rajkot,Gujarat,Bharatiya Janata Party,Male,Graduate,B.Ed. from Gujarat University in 1977,71,7,1,142,0.974025974, Data corresponds to the period from 24-06-2024 to 13-08-2026.,21.54095681,0.417355372,119.7049443,0.85328087,11.40909091,0.045454545,126.6818182,0.941263282,Lok Sabha
180134,Rao Inderjit Singh,Elected,09-06-2024,In Office,Sixth Term,Gurgaon,Haryana,Bharatiya Janata Party,Male,Graduate,"BA Hons, Delhi University, 1971, LLB, Delhi University, 1974",76,NA,NA,NA,NA,"This MP is a minister. Ministers represent the government in debates, so we do not report their participation.  They do not sign the attendance register, ask questions, or introduce private member bills. Data corresponds to the period from 24-06-2024 to 13-08-2026.",NA,NA,NA,NA,NA,NA,NA,NA,Lok Sabha
180136,Krishan Pal Gurjar,Elected,09-06-2024,In Office,Third Term,Faridabad,Haryana,Bharatiya Janata Party,Male,Graduate,LL.B. from Meerut University in 1986,69,NA,NA,NA,NA,"This MP is a minister. Ministers represent the government in debates, so we do not report their participation.  They do not sign the attendance register, ask questions, or introduce private member bills. Data corresponds to the period from 24-06-2024 to 13-08-2026.",NA,NA,NA,NA,NA,NA,NA,NA,Lok Sabha
180137,Manohar Lal,Elected,09-06-2024,In Office,First Term,Karnal,Haryana,Bharatiya Janata Party,Male,Graduate,"Graduate, Delhi University, 1975",72,NA,NA,NA,NA,"This MP is a minister. Ministers represent the government in debates, so we do not report their participation.  They do not sign the attendance register, ask questions, or introduce private member bills. Data corresponds to the period from 24-06-2024 to 13-08-2026.",NA,NA,NA,NA,NA,NA,NA,NA,Lok Sabha
180148,Jitendra Singh,Elected,09-06-2024,In Office,Third Term,Udhampur,Jammu and Kashmir,Bharatiya Janata Party,Male,Post Graduate and above,"M.D. from Govt. Medical College, Jammu, University of Jammu in year 1984",69,NA,NA,NA,NA,"This MP is a minister. Ministers represent the government in debates, so we do not report their participation.  They do not sign the attendance register, ask questions, or introduce private member bills. Data corresponds to the period from 24-06-2024 to 13-08-2026.",NA,NA,NA,NA,NA,NA,NA,NA,Lok Sabha
180151,Annpurna Devi,Elected,09-06-2024,In Office,Second Term,Kodarma,Jharkhand,Bharatiya Janata Party,Female,Post Graduate and above,"P.G. (History) from Ranchi University, Ranchi",56,NA,NA,NA,NA,"This MP is a minister. Ministers represent the government in debates, so we do not report their participation.  They do not sign the attendance register, ask questions, or introduce private member bills. Data corresponds to the period from 24-06-2024 to 13-08-2026.",NA,NA,NA,NA,NA,NA,NA,NA,Lok Sabha
180152,Bidyut Baran Mahato,Elected,09-06-2024,In Office,Third Term,Jamshedpur,Jharkhand,Bharatiya Janata Party,Male,Upto Higher Secondary,"Intermediate from Tata College, Chaibasa, Ranchi University, Ranchi in year 1983",63,43,3,307,0.987012987, Data corresponds to the period from 24-06-2024 to 13-08-2026.,21.54095681,0.417355372,119.7049443,0.85328087,25.5,1,145.0833333,0.870670996,Lok Sabha
180160,Nishikant Dubey,Elected,09-06-2024,In Office,Fourth Term,Godda,Jharkhand,Bharatiya Janata Party,Male,Post graduate and above,"Doctor of Philosophy in Management, Pratap University, Rajasthan, 2018 -Topic: ""Emerging issue of Rural Poverty in India: A Micro View""",57,73,6,257,1, Data corresponds to the period from 24-06-2024 to 13-08-2026.,21.54095681,0.417355372,119.7049443,0.85328087,25.5,1,145.0833333,0.870670996,Lok Sabha
180161,Sanjay Seth,Elected,09-06-2024,In Office,Second Term,Ranchi,Jharkhand,Bharatiya Janata Party,Male,Graduate,"Bachelor of Law, R.U. 1983",66,NA,NA,NA,NA,"This MP is a minister. Ministers represent the government in debates, so we do not report their participation.  They do not sign the attendance register, ask questions, or introduce private member bills. Data corresponds to the period from 24-06-2024 to 13-08-2026.",NA,NA,NA,NA,NA,NA,NA,NA,Lok Sabha
180164,Vishnu Dayal Ram,Elected,09-06-2024,In Office,Third Term,Palamau,Jharkhand,Bharatiya Janata Party,Male,Graduate,"Graduate, History, Patna College, Patna University, Patna Bihar Year 1971",75,44,3,224,0.987012987, Data corresponds to the period from 24-06-2024 to 13-08-2026.,21.54095681,0.417355372,119.7049443,0.85328087,25.5,1,145.0833333,0.870670996,Lok Sabha
180172,H D Kumaraswamy,Elected,09-06-2024,In Office,Third Term,Mandya,Karnataka,Janata Dal (Secular),Male,Graduate,"B.Sc. from National College, Jayanagar, Bangalore University in year 1978-79",66,NA,NA,NA,NA,"This MP is a minister. Ministers represent the government in debates, so we do not report their participation.  They do not sign the attendance register, ask questions, or introduce private member bills. Data corresponds to the period from 24-06-2024 to 13-08-2026.",NA,NA,NA,NA,NA,NA,NA,NA,Lok Sabha
180174,K Sudhakar,Elected,09-06-2024,In Office,First Term,Chikkballapur,Karnataka,Bharatiya Janata Party,Male,Graduate,"M.B.B.S. from Siddhartha Medical College, Tumkur in year 2003",53,37,2,224,0.922077922, Data corresponds to the period from 24-06-2024 to 13-08-2026.,21.54095681,0.417355372,119.7049443,0.85328087,11.70833333,0.083333333,96.08333333,0.802489177,Lok Sabha
180181,Pralhad Joshi,Elected,09-06-2024,In Office,Fifth Term,Dharwad,Karnataka,Bharatiya Janata Party,Male,Graduate,B.A from Karnataka University in 1983,63,NA,NA,NA,NA,"This MP is a minister. Ministers represent the government in debates, so we do not report their participation.  They do not sign the attendance register, ask questions, or introduce private member bills. Data corresponds to the period from 24-06-2024 to 13-08-2026.",NA,NA,NA,NA,NA,NA,NA,NA,Lok Sabha
180186,Shobha Karandlaje,Elected,09-06-2024,In Office,Third Term,Bangalore North,Karnataka,Bharatiya Janata Party,Female,Post Graduate and above,"M.A. (Social Service) from Open University, Mysore University in year 1996",59,NA,NA,NA,NA,"This MP is a minister. Ministers represent the government in debates, so we do not report their participation.  They do not sign the attendance register, ask questions, or introduce private member bills. Data corresponds to the period from 24-06-2024 to 13-08-2026.",NA,NA,NA,NA,NA,NA,NA,NA,Lok Sabha
180190,V Somanna,Elected,09-06-2024,In Office,First Term,Tumkur,Karnataka,Bharatiya Janata Party,Male,Graduate,"BA, VV Puram Evening College, Vishveshwarapuram, Bengaluru 1971-1974",75,NA,NA,NA,NA,"This MP is a minister. Ministers represent the government in debates, so we do not report their participation.  They do not sign the attendance register, ask questions, or introduce private member bills. Data corresponds to the period from 24-06-2024 to 13-08-2026.",NA,NA,NA,NA,NA,NA,NA,NA,Lok Sabha
180195,Benny Behanan,Elected,09-06-2024,In Office,Second Term,Chalakudy,Kerala,Indian National Congress,Male,Graduate,"B.Com. from Sree Sankara College, Kalady, Kerala University in year 1971-72",73,30,2,173,0.844155844, Data corresponds to the period from 24-06-2024 to 13-08-2026.,21.54095681,0.417355372,119.7049443,0.85328087,34.52046784,1.371345029,140.9736842,0.809125085,Lok Sabha
180196,Dean Kuriakose,Elected,09-06-2024,In Office,Second Term,Idukki,Kerala,Indian National Congress,Male,Post Graduate and above,"M.A. (Politics and Human Rights) from School of International Relations and Politics, MG University, Kottayam in year 2013",45,49,3,170,0.805194805, Data corresponds to the period from 24-06-2024 to 13-08-2026.,21.54095681,0.417355372,119.7049443,0.85328087,34.52046784,1.371345029,140.9736842,0.809125085,Lok Sabha
180197,E T Mohammed Basheer,Elected,09-06-2024,In Office,Fourth Term,Malappuram,Kerala,Indian Union Muslim League,Male,Upto Higher Secondary,SSLC from Chaliyam Umbichi Haji High School - 1964,80,41,3,113,0.902597403, Data corresponds to the period from 24-06-2024 to 13-08-2026.,21.54095681,0.417355372,119.7049443,0.85328087,34.52046784,1.371345029,140.9736842,0.809125085,Lok Sabha
180198,Hibi Eden,Elected,09-06-2024,In Office,Second Term,Ernakulam,Kerala,Indian National Congress,Male,Graduate,"B.Com. from Sacred Heart College, Thevara, Mahathma Gandhi University in year 2003-04",43,46,3,125,0.850649351, Data corresponds to the period from 24-06-2024 to 13-08-2026.,21.54095681,0.417355372,119.7049443,0.85328087,34.52046784,1.371345029,140.9736842,0.809125085,Lok Sabha
180205,N K Premachandran,Elected,09-06-2024,In Office,Fifth Term,Kollam,Kerala,Revolutionary Socialist Party,Male,Graduate,"L.L.B. from Govt. Law College, Thiruvananthapuram, University of Kerala in year 1985",66,90,3,117,0.88961039, Data corresponds to the period from 24-06-2024 to 13-08-2026.,21.54095681,0.417355372,119.7049443,0.85328087,34.52046784,1.371345029,140.9736842,0.809125085,Lok Sabha
180208,Shafi Parambil,Elected,09-06-2024,In Office,First Term,Vadakara,Kerala,Indian National Congress,Male,Post Graduate and above,"M.B.A. from West Fort College, Thrissur, Calicut University in year 2009",43,19,2,147,0.753246753, Data corresponds to the period from 24-06-2024 to 13-08-2026.,21.54095681,0.417355372,119.7049443,0.85328087,34.52046784,1.371345029,140.9736842,0.809125085,Lok Sabha
180209,Shashi Tharoor,Elected,09-06-2024,In Office,Fourth Term,Thiruvananthapuram,Kerala,Indian National Congress,Male,Post Graduate and above,"Ph.D. in Law and Diplomacy from Fletcher School of Law and Diplomacy, Tufts University, USA in year 1978",70,36,6,138,0.88961039, Data corresponds to the period from 24-06-2024 to 13-08-2026.,21.54095681,0.417355372,119.7049443,0.85328087,34.52046784,1.371345029,140.9736842,0.809125085,Lok Sabha
180210,Suresh Gopi,Elected,09-06-2024,In Office,First Term,Thrissur,Kerala,Bharatiya Janata Party,Male,Post Graduate and above,"M.A. (English) from Fatima Mata National College, Kollam, Kerala University in year 1982",68,NA,NA,NA,NA,"This MP is a minister. Ministers represent the government in debates, so we do not report their participation.  They do not sign the attendance register, ask questions, or introduce private member bills. Data corresponds to the period from 24-06-2024 to 13-08-2026.",NA,NA,NA,NA,NA,NA,NA,NA,Lok Sabha
180212,V K Sreekandan,Elected,09-06-2024,In Office,Second Term,Palakkad,Kerala,Indian National Congress,Male,Graduate,"B.A. (History) from Shobhit University, Meerut in year 2013",56,33,3,165,0.857142857, Data corresponds to the period from 24-06-2024 to 13-08-2026.,21.54095681,0.417355372,119.7049443,0.85328087,34.52046784,1.371345029,140.9736842,0.809125085,Lok Sabha
180220,Bharti Pardhi,Elected,09-06-2024,In Office,First Term,Balaghat,Madhya Pradesh,Bharatiya Janata Party,Female,Upto Higher Secondary,B.S.C. (Home Science) Part 1 Year 1985,58,47,3,249,0.967532468, Data corresponds to the period from 24-06-2024 to 13-08-2026.,21.54095681,0.417355372,119.7049443,0.85328087,18.375,0.291666667,135.5416667,0.919642857,Lok Sabha
180222,Darshan Singh Choudhary,Elected,09-06-2024,In Office,First Term,Hoshangabad,Madhya Pradesh,Bharatiya Janata Party,Male,Post Graduate and above,"M.A. (Economics), Barkatullah Vishwavidyalaya, Bhopal, in year 2005",50,44,2,140,0.954545455, Data corresponds to the period from 24-06-2024 to 13-08-2026.,21.54095681,0.417355372,119.7049443,0.85328087,18.375,0.291666667,135.5416667,0.919642857,Lok Sabha
180224,Durgadas D D Uikey,Elected,09-06-2024,In Office,Second Term,Betul,Madhya Pradesh,Bharatiya Janata Party,Male,Post Graduate and above,"M.A. from Barkatullah Vishwavidyalaya, Bhopal in year 2003",62,NA,NA,NA,NA,"This MP is a minister. Ministers represent the government in debates, so we do not report their participation.  They do not sign the attendance register, ask questions, or introduce private member bills. Data corresponds to the period from 24-06-2024 to 13-08-2026.",NA,NA,NA,NA,NA,NA,NA,NA,Lok Sabha
180227,Ganesh Singh,Elected,09-06-2024,In Office,Fifth Term,Satna,Madhya Pradesh,Bharatiya Janata Party,Male,Post Graduate and above,"M.A. from Govt. P.G. College, Satna, Awadhesh Pratap Singh University, Rewa, Madhya Pradesh in year 1986",64,38,2,138,0.935064935, Data corresponds to the period from 24-06-2024 to 13-08-2026.,21.54095681,0.417355372,119.7049443,0.85328087,18.375,0.291666667,135.5416667,0.919642857,Lok Sabha
180231,Jyotiraditya M Scindia,Elected,09-06-2024,In Office,Fifth Term,Guna,Madhya Pradesh,Bharatiya Janata Party,Male,Post Graduate and above,"M.B.A. from Stanford University, Graduate School of Business, Palo Alto, CA, USA in year 2001",55,NA,NA,NA,NA,"This MP is a minister. Ministers represent the government in debates, so we do not report their participation.  They do not sign the attendance register, ask questions, or introduce private member bills. Data corresponds to the period from 24-06-2024 to 13-08-2026.",NA,NA,NA,NA,NA,NA,NA,NA,Lok Sabha
180237,Savitri Thakur,Elected,09-06-2024,In Office,Second Term,Dhar,Madhya Pradesh,Bharatiya Janata Party,Female,Upto Higher Secondary,"Higher Secondary from Urdu Education Board, Vidyarthi Academy, Indore, 2018",48,NA,NA,NA,NA,"This MP is a minister. Ministers represent the government in debates, so we do not report their participation.  They do not sign the attendance register, ask questions, or introduce private member bills. Data corresponds to the period from 24-06-2024 to 13-08-2026.",NA,NA,NA,NA,NA,NA,NA,NA,Lok Sabha
180240,Shivraj Singh Chouhan,Elected,09-06-2024,In Office,Sixth Term,Vidisha,Madhya Pradesh,Bharatiya Janata Party,Male,Post Graduate and above,"M.A. (Philosophy) from Hamidia College Bhopal, Bhopal University in year 1982-83",67,NA,NA,NA,NA,"This MP is a minister. Ministers represent the government in debates, so we do not report their participation.  They do not sign the attendance register, ask questions, or introduce private member bills. Data corresponds to the period from 24-06-2024 to 13-08-2026.",NA,NA,NA,NA,NA,NA,NA,NA,Lok Sabha
180242,Virendra Kumar,Elected,09-06-2024,In Office,Eighth Term,Tikamgarh,Madhya Pradesh,Bharatiya Janata Party,Male,Post Graduate and above,Ph.D. from Dr. Hari Singh Gour University in year 2007,72,NA,NA,NA,NA,"This MP is a minister. Ministers represent the government in debates, so we do not report their participation.  They do not sign the attendance register, ask questions, or introduce private member bills. Data corresponds to the period from 24-06-2024 to 13-08-2026.",NA,NA,NA,NA,NA,NA,NA,NA,Lok Sabha
180245,Gowaal Kagada Padavi,Elected,09-06-2024,In Office,First Term,Nandurbar,Maharashtra,Indian National Congress,Male,Post Graduate and above,L. L. M. from Mumbai University in 2017,33,51,2,156,0.967532468, Data corresponds to the period from 24-06-2024 to 13-08-2026.,21.54095681,0.417355372,119.7049443,0.85328087,31.9772979,0.88372093,181.1135105,0.844278827,Lok Sabha
180249,Anup Sanjay Dhotre,Elected,09-06-2024,In Office,First Term,Akola,Maharashtra,Bharatiya Janata Party,Male,Graduate,"B.Com. from Symbiosis College of Arts and Commerce, Pune, University of Pune in year 2007",42,35,1,188,1, Data corresponds to the period from 24-06-2024 to 13-08-2026.,21.54095681,0.417355372,119.7049443,0.85328087,31.9772979,0.88372093,181.1135105,0.844278827,Lok Sabha
180250,Arvind Ganpat Sawant,Elected,09-06-2024,In Office,Third Term,Mumbai South,Maharashtra,Shiv Sena (Uddhav Balasaheb Thackeray),Male,Graduate,"B.Sc. from Bhavan's College, Andheri, Mumbai, 1975",74,59,3,208,0.993506494, Data corresponds to the period from 24-06-2024 to 13-08-2026.,21.54095681,0.417355372,119.7049443,0.85328087,31.9772979,0.88372093,181.1135105,0.844278827,Lok Sabha
180251,Bachhav Shobha Dinesh,Elected,09-06-2024,In Office,First Term,Dhule,Maharashtra,Indian National Congress,Female,Upto Higher Secondary,"S.S.C. from S.S.C. Board, RBH Kanya Vidyalaya, Malegaon, Nashik in year 1974",66,29,2,150,0.993506494, Data corresponds to the period from 24-06-2024 to 13-08-2026.,21.54095681,0.417355372,119.7049443,0.85328087,31.9772979,0.88372093,181.1135105,0.844278827,Lok Sabha
180253,Balwant Baswant Wankhade,Elected,09-06-2024,In Office,First Term,Amravati,Maharashtra,Indian National Congress,Male,Graduate,"B.A. (Second Year) from J.D. Patil Sangludkar Mahavidyalaya, Daryapur in year 1991",59,28,1,143,0.883116883, Data corresponds to the period from 24-06-2024 to 13-08-2026.,21.54095681,0.417355372,119.7049443,0.85328087,31.9772979,0.88372093,181.1135105,0.844278827,Lok Sabha
180262,Prashant Yadaorao Padole,Elected,09-06-2024,In Office,First Term,Bhandara-Gondiya,Maharashtra,Indian National Congress,Male,Post Graduate and above,"M.D. (Medicine) from Odessa State Medical University, Ukraine in year 2002",47,83,1,94,0.902597403, Data corresponds to the period from 24-06-2024 to 13-08-2026.,21.54095681,0.417355372,119.7049443,0.85328087,31.9772979,0.88372093,181.1135105,0.844278827,Lok Sabha
180264,Hemant Vishnu Savara,Elected,09-06-2024,In Office,First Term,Palghar,Maharashtra,Bharatiya Janata Party,Male,Graduate,M.B.B.S. from University of Mumbai in year 2001,49,43,3,283,0.980519481, Data corresponds to the period from 24-06-2024 to 13-08-2026.,21.54095681,0.417355372,119.7049443,0.85328087,31.9772979,0.88372093,181.1135105,0.844278827,Lok Sabha
180265,Prataprao Ganpatrao Jadhav,Elected,09-06-2024,In Office,Fourth Term,Buldhana,Maharashtra,Shiv Sena,Male,Upto Higher Secondary,"B.A. (Part-I) from Shivaji Senior College, Chikhli, Maharashtra",65,NA,NA,NA,NA,"This MP is a minister. Ministers represent the government in debates, so we do not report their participation.  They do not sign the attendance register, ask questions, or introduce private member bills. Data corresponds to the period from 24-06-2024 to 13-08-2026.",NA,NA,NA,NA,NA,NA,NA,NA,Lok Sabha
180268,Murlidhar Mohol,Elected,09-06-2024,In Office,First Term,Pune,Maharashtra,Bharatiya Janata Party,Male,Graduate,"Bachelor of Arts from Shivaji University, Kolhapur in 1999",51,NA,NA,NA,NA,"This MP is a minister. Ministers represent the government in debates, so we do not report their participation.  They do not sign the attendance register, ask questions, or introduce private member bills. Data corresponds to the period from 24-06-2024 to 13-08-2026.",NA,NA,NA,NA,NA,NA,NA,NA,Lok Sabha
180273,Nitin Jairam Gadkari,Elected,09-06-2024,In Office,Third Term,Nagpur,Maharashtra,Bharatiya Janata Party,Male,Graduate,"L.L.B. from University College of Law, Nagpur in year 1982",69,NA,NA,NA,NA,"This MP is a minister. Ministers represent the government in debates, so we do not report their participation.  They do not sign the attendance register, ask questions, or introduce private member bills. Data corresponds to the period from 24-06-2024 to 13-08-2026.",NA,NA,NA,NA,NA,NA,NA,NA,Lok Sabha
180274,Omprakash Bhupalsinh Alias Pavan Rajenimbalkar,Elected,09-06-2024,In Office,Second Term,Osmanabad,Maharashtra,Shiv Sena (Uddhav Balasaheb Thackeray),Male,Graduate,"B.E. (Information Tech.) 2nd Year Appear (2003-04), Sinhgad College of Engg. Pune, University of Pune",43,69,1,200,0.967532468, Data corresponds to the period from 24-06-2024 to 13-08-2026.,21.54095681,0.417355372,119.7049443,0.85328087,31.9772979,0.88372093,181.1135105,0.844278827,Lok Sabha
180276,Piyush Vedprakash Goyal,Elected,09-06-2024,In Office,First Term,Mumbai North,Maharashtra,Bharatiya Janata Party,Male,Post Graduate and above,"C.A. from the Institute of Chartered Accountants of India, 1987",62,NA,NA,NA,NA,"This MP is a minister. Ministers represent the government in debates, so we do not report their participation.  They do not sign the attendance register, ask questions, or introduce private member bills. Data corresponds to the period from 24-06-2024 to 13-08-2026.",NA,NA,NA,NA,NA,NA,NA,NA,Lok Sabha
180277,Praniti Sushilkumar Shinde,Elected,09-06-2024,In Office,First Term,Solapur,Maharashtra,Indian National Congress,Female,Graduate,"L.L.B. from Govt. Law College, Mumbai University in 2004",45,39,1,171,0.909090909, Data corresponds to the period from 24-06-2024 to 13-08-2026.,21.54095681,0.417355372,119.7049443,0.85328087,31.9772979,0.88372093,181.1135105,0.844278827,Lok Sabha
180278,Raksha Nikhil Khadse,Elected,09-06-2024,In Office,Third Term,Raver,Maharashtra,Bharatiya Janata Party,Female,Graduate,"B.Sc. from G.G. Khadse College, North Maharashtra University, Jalagaon, 2010",39,NA,NA,NA,NA,"This MP is a minister. Ministers represent the government in debates, so we do not report their participation.  They do not sign the attendance register, ask questions, or introduce private member bills. Data corresponds to the period from 24-06-2024 to 13-08-2026.",NA,NA,NA,NA,NA,NA,NA,NA,Lok Sabha
180279,Ravindra Dattaram Waikar,Elected,09-06-2024,In Office,First Term,Mumbai North West,Maharashtra,Shiv Sena,Male,Graduate,"B.Sc. from Mumbai University, Patkar College, Goregaon in year 1982",67,51,3,243,0.987012987, Data corresponds to the period from 24-06-2024 to 13-08-2026.,21.54095681,0.417355372,119.7049443,0.85328087,31.9772979,0.88372093,181.1135105,0.844278827,Lok Sabha
180283,Shrikant Eknath Shinde,Elected,09-06-2024,In Office,Third Term,Kalyan,Maharashtra,Shiv Sena,Male,Post Graduate and above,"Master of Surgery Orthopedics, 2015, dr. D.Y. Patil university, Navi Mumbai",39,37,6,257,0.824675325, Data corresponds to the period from 24-06-2024 to 13-08-2026.,21.54095681,0.417355372,119.7049443,0.85328087,31.9772979,0.88372093,181.1135105,0.844278827,Lok Sabha
180287,Smita Uday Wagh,Elected,09-06-2024,In Office,First Term,Jalgaon,Maharashtra,Bharatiya Janata Party,Female,Graduate,"B.A. (Psychology) from Pune University, 1989",58,56,5,301,0.967532468, Data corresponds to the period from 24-06-2024 to 13-08-2026.,21.54095681,0.417355372,119.7049443,0.85328087,31.9772979,0.88372093,181.1135105,0.844278827,Lok Sabha
180288,Supriya Sule,Elected,09-06-2024,In Office,Fourth Term,Baramati,Maharashtra,Nationalist Congress Party Sharadchandra Pawar,Female,Graduate,"B.Sc. from Jaihind College, Mumbai, University of Mumbai in year 1992",57,75,3,247,0.967532468, Data corresponds to the period from 24-06-2024 to 13-08-2026.,21.54095681,0.417355372,119.7049443,0.85328087,31.9772979,0.88372093,181.1135105,0.844278827,Lok Sabha
180291,Vishaldada Prakashbapu Patil,Elected,09-06-2024,In Office,First Term,Sangli,Maharashtra,Independent,Male,Graduate,"BCom., H.R. College, Mumbai University, April 2001",46,87,3,208,0.902597403, Data corresponds to the period from 24-06-2024 to 13-08-2026.,21.54095681,0.417355372,119.7049443,0.85328087,31.9772979,0.88372093,181.1135105,0.844278827,Lok Sabha
180304,Bhartruhari Mahtab,Elected,09-06-2024,In Office,Seventh Term,Cuttack,Odisha,Bharatiya Janata Party,Male,Post Graduate and above,"Master Degree in English from Ravenshaw College, Cuttack, Utkal University, 1978",68,55,3,299,0.948051948, Data corresponds to the period from 24-06-2024 to 13-08-2026.,21.54095681,0.417355372,119.7049443,0.85328087,25.46842105,0.315789474,139.1868421,0.836688312,Lok Sabha
180308,Jual Oram,Elected,09-06-2024,In Office,Sixth Term,Sundargarh,Odisha,Bharatiya Janata Party,Male,Upto Higher Secondary,"Diploma in Electrical Engineering from U.G.I.E., Rourkela, 1982",65,NA,NA,NA,NA,"This MP is a minister. Ministers represent the government in debates, so we do not report their participation.  They do not sign the attendance register, ask questions, or introduce private member bills. Data corresponds to the period from 24-06-2024 to 13-08-2026.",NA,NA,NA,NA,NA,NA,NA,NA,Lok Sabha
180317,Saptagiri Sankar Ulaka,Elected,09-06-2024,In Office,Second Term,Koraput,Odisha,Indian National Congress,Male,Graduate,"Bachelor of Engineering (Computer Science), Orissa Engineering College, Utkal University, 2001",47,96,3,167,0.987012987, Data corresponds to the period from 24-06-2024 to 13-08-2026.,21.54095681,0.417355372,119.7049443,0.85328087,25.46842105,0.315789474,139.1868421,0.836688312,Lok Sabha
180324,Dharamvira Gandhi,Elected,09-06-2024,In Office,Second Term,Patiala,Punjab,Indian National Congress,Male,Post Graduate and above,"MD, Govt. Medical College, Punjabi University, Patiala, 1989",75,12,2,49,0.779220779, Data corresponds to the period from 24-06-2024 to 13-08-2026.,21.54095681,0.417355372,119.7049443,0.85328087,15.38461538,0.153846154,72.07692308,0.697302697,Lok Sabha
180334,Arjun Ram Meghwal,Elected,09-06-2024,In Office,Fourth Term,Bikaner,Rajasthan,Bharatiya Janata Party,Male,Post Graduate and above,M.A. from University of Rajasthan in year 1979,72,NA,NA,NA,NA,"This MP is a minister. Ministers represent the government in debates, so we do not report their participation.  They do not sign the attendance register, ask questions, or introduce private member bills. Data corresponds to the period from 24-06-2024 to 13-08-2026.",NA,NA,NA,NA,NA,NA,NA,NA,Lok Sabha
180335,Bhagirath Choudhary,Elected,09-06-2024,In Office,Second Term,Ajmer,Rajasthan,Bharatiya Janata Party,Male,Upto Higher Secondary,"HIgher Secondary from Board of Secondary Education, Ajmer, Rajasthan in year 1972",72,NA,NA,NA,NA,"This MP is a minister. Ministers represent the government in debates, so we do not report their participation.  They do not sign the attendance register, ask questions, or introduce private member bills. Data corresponds to the period from 24-06-2024 to 13-08-2026.",NA,NA,NA,NA,NA,NA,NA,NA,Lok Sabha
180337,Bhupender Yadav,Elected,09-06-2024,In Office,First Term,Alwar,Rajasthan,Bharatiya Janata Party,Male,Graduate,"Bachelor of Law (LLB) - 1993 Government College, Ajmer (University of Ajmer)",57,NA,NA,NA,NA,"This MP is a minister. Ministers represent the government in debates, so we do not report their participation.  They do not sign the attendance register, ask questions, or introduce private member bills. Data corresponds to the period from 24-06-2024 to 13-08-2026.",NA,NA,NA,NA,NA,NA,NA,NA,Lok Sabha
180340,Damodar Agrawal,Elected,09-06-2024,In Office,First Term,Bhilwara,Rajasthan,Bharatiya Janata Party,Male,Post Graduate and above,"M.A. from Rajasthan University, Jaipur in year 1980",70,29,3,265,0.993506494, Data corresponds to the period from 24-06-2024 to 13-08-2026.,21.54095681,0.417355372,119.7049443,0.85328087,33.66666667,0.761904762,160.6666667,0.963636364,Lok Sabha
180384,S Jothimani,Elected,09-06-2024,In Office,Second Term,Karur,Tamil Nadu,Indian National Congress,Female,Post Graduate and above,M.Phil. from Annamalai University in year 2005,51,44,3,158,0.948051948, Data corresponds to the period from 24-06-2024 to 13-08-2026.,21.54095681,0.417355372,119.7049443,0.85328087,25.58974359,0.615384615,132.3589744,0.7998668,Lok Sabha
180342,Gajendra Singh Shekhawat,Elected,09-06-2024,In Office,Third Term,Jodhpur,Rajasthan,Bharatiya Janata Party,Male,Post Graduate and above,M.A. from Jodhpur University in year 1989,58,NA,NA,NA,NA,"This MP is a minister. Ministers represent the government in debates, so we do not report their participation.  They do not sign the attendance register, ask questions, or introduce private member bills. Data corresponds to the period from 24-06-2024 to 13-08-2026.",NA,NA,NA,NA,NA,NA,NA,NA,Lok Sabha
180343,Hanuman Beniwal,Elected,09-06-2024,In Office,Second Term,Nagaur,Rajasthan,Rashtriya Loktantrik Party,Male,Graduate,"L.L.B. from Rajasthan University, Jaipur in year 1998",54,76,1,167,0.993506494, Data corresponds to the period from 24-06-2024 to 13-08-2026.,21.54095681,0.417355372,119.7049443,0.85328087,33.66666667,0.761904762,160.6666667,0.963636364,Lok Sabha
180346,Lumba Ram,Elected,09-06-2024,In Office,First Term,Jalore,Rajasthan,Bharatiya Janata Party,Male,Upto Higher Secondary,10th Passed from NIOS in year 2016,61,39,3,280,0.980519481, Data corresponds to the period from 24-06-2024 to 13-08-2026.,21.54095681,0.417355372,119.7049443,0.85328087,33.66666667,0.761904762,160.6666667,0.963636364,Lok Sabha
180352,P P Chaudhary,Elected,09-06-2024,In Office,Third Term,Pali,Rajasthan,Bharatiya Janata Party,Male,Graduate,LLB from Jodhpur University in year 1978,73,49,6,299,0.987012987, Data corresponds to the period from 24-06-2024 to 13-08-2026.,21.54095681,0.417355372,119.7049443,0.85328087,33.66666667,0.761904762,160.6666667,0.963636364,Lok Sabha
180354,Rajkumar Roat,Elected,09-06-2024,In Office,First Term,Banswara,Rajasthan,Bharat Adivasi Party,Male,Graduate,"BA Mohanlal Sukhadiya University, Udaipur (2014), BEd. Rajasthan University, 2015",34,51,1,145,0.928571429, Data corresponds to the period from 24-06-2024 to 13-08-2026.,21.54095681,0.417355372,119.7049443,0.85328087,33.66666667,0.761904762,160.6666667,0.963636364,Lok Sabha
180355,Rao Rajendra Singh,Elected,09-06-2024,In Office,First Term,Jaipur Rural,Rajasthan,Bharatiya Janata Party,Male,Graduate,BA (Hons) Rajasthan University 1979-80,68,22,2,114,0.987012987, Data corresponds to the period from 24-06-2024 to 13-08-2026.,21.54095681,0.417355372,119.7049443,0.85328087,33.66666667,0.761904762,160.6666667,0.963636364,Lok Sabha
180361,C N Annadurai,Elected,09-06-2024,In Office,Second Term,Tiruvannamalai,Tamil Nadu,Dravida Munnetra Kazhagam,Male,Graduate,B.Com. from University of Chennai in year 1995,53,37,3,262,0.74025974, Data corresponds to the period from 24-06-2024 to 13-08-2026.,21.54095681,0.417355372,119.7049443,0.85328087,25.58974359,0.615384615,132.3589744,0.7998668,Lok Sabha
180363,D M Kathir Anand,Elected,09-06-2024,In Office,Second Term,Vellore,Tamil Nadu,Dravida Munnetra Kazhagam,Male,Post Graduate and above,"M.B.A. from Baldwin and Wallace College, USA Baldwin and Wallace University in year 1997, B.Com from Loyola College, Chennai University of Madras 1995",51,45,3,163,0.798701299, Data corresponds to the period from 24-06-2024 to 13-08-2026.,21.54095681,0.417355372,119.7049443,0.85328087,25.58974359,0.615384615,132.3589744,0.7998668,Lok Sabha
180373,Kanimozhi Karunanidhi,Elected,09-06-2024,In Office,Second Term,Thoothukkudi,Tamil Nadu,Dravida Munnetra Kazhagam,Female,Graduate,"B.A. (Economics), Chennai University in year 1994",58,29,3,107,0.707792208, Data corresponds to the period from 24-06-2024 to 13-08-2026.,21.54095681,0.417355372,119.7049443,0.85328087,25.58974359,0.615384615,132.3589744,0.7998668,Lok Sabha
180378,Manickam Tagore B,Elected,09-06-2024,In Office,Third Term,Virudhunagar,Tamil Nadu,Indian National Congress,Male,Graduate,L.L.B. from Bangalore University in year 1998,51,49,3,170,0.883116883, Data corresponds to the period from 24-06-2024 to 13-08-2026.,21.54095681,0.417355372,119.7049443,0.85328087,25.58974359,0.615384615,132.3589744,0.7998668,Lok Sabha
180381,Navaskani K,Elected,09-06-2024,In Office,Second Term,Ramanathapuram,Tamil Nadu,Indian Union Muslim League,Male,Upto Higher Secondary,"Higher Secondary Board Examination, SBK Higher Secondary School, Aruppukottai, Tamil Nadu, 1996",47,187,3,221,0.824675325, Data corresponds to the period from 24-06-2024 to 13-08-2026.,21.54095681,0.417355372,119.7049443,0.85328087,25.58974359,0.615384615,132.3589744,0.7998668,Lok Sabha
180390,T Sumathy Alias Thamizhachi Thangapandian,Elected,09-06-2024,In Office,Second Term,Chennai South,Tamil Nadu,Dravida Munnetra Kazhagam,Female,Post Graduate and above,Ph.D. from University of Madras in year 2010,64,68,5,169,0.824675325, Data corresponds to the period from 24-06-2024 to 13-08-2026.,21.54095681,0.417355372,119.7049443,0.85328087,25.58974359,0.615384615,132.3589744,0.7998668,Lok Sabha
180396,Kalanidhi Veeraswamy,Elected,09-06-2024,In Office,Second Term,Chennai North,Tamil Nadu,Dravida Munnetra Kazhagam,Male,Post Graduate and above,"M.S. (General Surgery) from Sri Ramachandra Medical College, Tamil Nadu, Dr. MGR Medical University in year 1999",57,23,1,151,0.850649351, Data corresponds to the period from 24-06-2024 to 13-08-2026.,21.54095681,0.417355372,119.7049443,0.85328087,25.58974359,0.615384615,132.3589744,0.7998668,Lok Sabha
180404,G Kishan Reddy,Elected,09-06-2024,In Office,Second Term,Secunderabad,Telangana,Bharatiya Janata Party,Male,Upto Higher Secondary,"Diploma in Tool Designs from Central Institute of Tool Designs, Balanagar, Hyderabad in 1975-78",66,NA,NA,NA,NA,"This MP is a minister. Ministers represent the government in debates, so we do not report their participation.  They do not sign the attendance register, ask questions, or introduce private member bills. Data corresponds to the period from 24-06-2024 to 13-08-2026.",NA,NA,NA,NA,NA,NA,NA,NA,Lok Sabha
180406,Kadiyam Kavya,Elected,09-06-2024,In Office,First Term,Warangal,Telangana,Indian National Congress,Female,Post Graduate and above,"M.D. (PATHOLOGY) from Osmania Medical College, N.T.R. University of Health Sciences, Hyderabad in 2013",43,17,2,106,0.896103896, Data corresponds to the period from 24-06-2024 to 13-08-2026.,21.54095681,0.417355372,119.7049443,0.85328087,16.2,0.133333333,122.6666667,0.843290043,Lok Sabha
180412,Bandi Sanjay Kumar,Elected,09-06-2024,In Office,Second Term,Karimnagar,Telangana,Bharatiya Janata Party,Male,Post Graduate and above,"M.A. public administration from Madhurai Khamaraj University, Tamil Nadu",55,NA,NA,NA,NA,"This MP is a minister. Ministers represent the government in debates, so we do not report their participation.  They do not sign the attendance register, ask questions, or introduce private member bills. Data corresponds to the period from 24-06-2024 to 13-08-2026.",NA,NA,NA,NA,NA,NA,NA,NA,Lok Sabha
180422,Anand Bhadauria,Elected,09-06-2024,In Office,First Term,Dhaurahra,Uttar Pradesh,Samajwadi Party,Male,Post Graduate and above,M.A. from Lucknow University in year 2001,48,43,2,132,0.954545455, Data corresponds to the period from 24-06-2024 to 13-08-2026.,21.54095681,0.417355372,119.7049443,0.85328087,22.83333333,0.305555556,90.27777778,0.918968356,Lok Sabha
180425,Anupriya Patel,Elected,09-06-2024,In Office,Third Term,Mirzapur,Uttar Pradesh,Apna Dal (Soneylal),Female,Post Graduate and above,"MBA, CSJM University, Kanpur, 2010",45,NA,NA,NA,NA,"This MP is a minister. Ministers represent the government in debates, so we do not report their participation.  They do not sign the attendance register, ask questions, or introduce private member bills. Data corresponds to the period from 24-06-2024 to 13-08-2026.",NA,NA,NA,NA,NA,NA,NA,NA,Lok Sabha
180436,Chandra Shekhar,Elected,09-06-2024,In Office,First Term,Nagina,Uttar Pradesh,Aazad Samaj Party (Kanshi Ram),Male,Graduate,LLB From Hemwati Nandan Bahuguna Garhwal University Year 2012,38,73,6,110,0.915584416, Data corresponds to the period from 24-06-2024 to 13-08-2026.,21.54095681,0.417355372,119.7049443,0.85328087,22.83333333,0.305555556,90.27777778,0.918968356,Lok Sabha
180442,Dharmendra Yadav,Elected,09-06-2024,In Office,Fourth Term,Azamgarh,Uttar Pradesh,Samajwadi Party,Male,Post Graduate and above,"M.A. Political Science, Allahabad University in 2004",47,36,2,134,0.941558442, Data corresponds to the period from 24-06-2024 to 13-08-2026.,21.54095681,0.417355372,119.7049443,0.85328087,22.83333333,0.305555556,90.27777778,0.918968356,Lok Sabha
180449,Iqra Choudhary,Elected,09-06-2024,In Office,First Term,Kairana,Uttar Pradesh,Samajwadi Party,Female,Post Graduate and above,"M.Sc. (International Politics & Law), SOAS University, London in year 2020",31,38,1,147,0.948051948, Data corresponds to the period from 24-06-2024 to 13-08-2026.,21.54095681,0.417355372,119.7049443,0.85328087,22.83333333,0.305555556,90.27777778,0.918968356,Lok Sabha
180450,Jagdambika Pal,Elected,09-06-2024,In Office,Fourth Term,Domariyaganj,Uttar Pradesh,Bharatiya Janata Party,Male,Graduate,"LL.B. from Gorakhpur University in 1973 and M.A. from Avadh University, Faizabad, 1980",75,131,3,198,1, Data corresponds to the period from 24-06-2024 to 13-08-2026.,21.54095681,0.417355372,119.7049443,0.85328087,22.83333333,0.305555556,90.27777778,0.918968356,Lok Sabha
180453,Jitin Prasada,Elected,09-06-2024,In Office,Third Term,Pilibhit,Uttar Pradesh,Bharatiya Janata Party,Male,Post Graduate and above,"M.B.A. from IMI, New Delhi in year 1996",52,NA,NA,NA,NA,"This MP is a minister. Ministers represent the government in debates, so we do not report their participation.  They do not sign the attendance register, ask questions, or introduce private member bills. Data corresponds to the period from 24-06-2024 to 13-08-2026.",NA,NA,NA,NA,NA,NA,NA,NA,Lok Sabha
180454,Kamlesh Paswan,Elected,09-06-2024,In Office,Fourth Term,Bansgaon,Uttar Pradesh,Bharatiya Janata Party,Male,Graduate,"BA, D.D.U University, Gorakhpur, 2012",50,NA,NA,NA,NA,"This MP is a minister. Ministers represent the government in debates, so we do not report their participation.  They do not sign the attendance register, ask questions, or introduce private member bills. Data corresponds to the period from 24-06-2024 to 13-08-2026.",NA,NA,NA,NA,NA,NA,NA,NA,Lok Sabha
180457,Kirti Vardhan Singh,Elected,09-06-2024,In Office,Fifth Term,Gonda,Uttar Pradesh,Bharatiya Janata Party,Male,Post Graduate and above,"M.Sc. (Geology), Lucknow University, U.P (1988)",60,NA,NA,NA,NA,"This MP is a minister. Ministers represent the government in debates, so we do not report their participation.  They do not sign the attendance register, ask questions, or introduce private member bills. Data corresponds to the period from 24-06-2024 to 13-08-2026.",NA,NA,NA,NA,NA,NA,NA,NA,Lok Sabha
180466,Narendra Modi,Elected,09-06-2024,In Office,Third Term,Varanasi,Uttar Pradesh,Bharatiya Janata Party,Male,Graduate,"BA, Delhi University, Delhi, 1978; MA, Gujarat University, Ahmedabad, 1983",75,NA,NA,NA,NA,"This MP is a minister. Ministers represent the government in debates, so we do not report their participation.  They do not sign the attendance register, ask questions, or introduce private member bills. Data corresponds to the period from 24-06-2024 to 13-08-2026.",NA,NA,NA,NA,NA,NA,NA,NA,Lok Sabha
180469,Pankaj Choudhary,Elected,09-06-2024,In Office,Third Term,Maharajganj,Uttar Pradesh,Bharatiya Janata Party,Male,Upto Higher Secondary,"Intermediate, Shivpati Inter College, Shohratgarh, Siddharthnagar, 1983; Studied BA but didn't complete it",61,NA,NA,NA,NA,"This MP is a minister. Ministers represent the government in debates, so we do not report their participation.  They do not sign the attendance register, ask questions, or introduce private member bills. Data corresponds to the period from 24-06-2024 to 13-08-2026.",NA,NA,NA,NA,NA,NA,NA,NA,Lok Sabha
180475,Rajeev Rai,Elected,09-06-2024,In Office,First Term,Ghosi,Uttar Pradesh,Samajwadi Party,Male,Post Graduate and above,"PhD, Ballsbridge University, Dominica, 2019",56,48,3,147,0.987012987, Data corresponds to the period from 24-06-2024 to 13-08-2026.,21.54095681,0.417355372,119.7049443,0.85328087,22.83333333,0.305555556,90.27777778,0.918968356,Lok Sabha
180476,Rajkumar Chahar,Elected,09-06-2024,In Office,Second Term,Fatehpur Sikri,Uttar Pradesh,Bharatiya Janata Party,Male,Graduate,"B.Com. from Dr. B.R. Ambedkar University, Agra in year 1987-88",59,26,1,141,0.980519481, Data corresponds to the period from 24-06-2024 to 13-08-2026.,21.54095681,0.417355372,119.7049443,0.85328087,22.83333333,0.305555556,90.27777778,0.918968356,Lok Sabha
180477,Rajnath Singh,Elected,09-06-2024,In Office,Fourth Term,Lucknow,Uttar Pradesh,Bharatiya Janata Party,Male,Post Graduate and above,"Post-graduation in science from Gorakhpur University in year 1971; Science Graduate from KBPG College, Mirzapur, Gorakhpur University in year 1969",75,NA,NA,NA,NA,"This MP is a minister. Ministers represent the government in debates, so we do not report their participation.  They do not sign the attendance register, ask questions, or introduce private member bills. Data corresponds to the period from 24-06-2024 to 13-08-2026.",NA,NA,NA,NA,NA,NA,NA,NA,Lok Sabha
180481,Ramashankar Rajbhar,Elected,09-06-2024,In Office,Second Term,Salempur,Uttar Pradesh,Samajwadi Party,Male,Graduate,"Graduation, Sant Vinoba P.G. College, Deoria, 1983",66,39,1,82,0.954545455, Data corresponds to the period from 24-06-2024 to 13-08-2026.,21.54095681,0.417355372,119.7049443,0.85328087,22.83333333,0.305555556,90.27777778,0.918968356,Lok Sabha
180484,Ravindra Shukla Alias Ravi Kishan,Elected,09-06-2024,In Office,Second Term,Gorakhpur,Uttar Pradesh,Bharatiya Janata Party,Male,Upto Higher Secondary,"Intermediate, Rizvi College of Arts, Science and Commerce, Bandra (West), Mumbai, 1990",57,29,3,277,0.701298701, Data corresponds to the period from 24-06-2024 to 13-08-2026.,21.54095681,0.417355372,119.7049443,0.85328087,22.83333333,0.305555556,90.27777778,0.918968356,Lok Sabha
180486,S P Singh Baghel,Elected,09-06-2024,In Office,Fifth Term,Agra,Uttar Pradesh,Bharatiya Janata Party,Male,Post Graduate and above,"Ph.D. from Chaudhary Charan Singh University Meerut, U.P. in year 2004",66,NA,NA,NA,NA,"This MP is a minister. Ministers represent the government in debates, so we do not report their participation.  They do not sign the attendance register, ask questions, or introduce private member bills. Data corresponds to the period from 24-06-2024 to 13-08-2026.",NA,NA,NA,NA,NA,NA,NA,NA,Lok Sabha
180498,Ajay Tamta,Elected,09-06-2024,In Office,Third Term,Almora,Uttarakhand,Bharatiya Janata Party,Male,Graduate,"B.A from Swami Vivekanand Subharti University, Meerut (U.P) in year 2023",54,NA,NA,NA,NA,"This MP is a minister. Ministers represent the government in debates, so we do not report their participation.  They do not sign the attendance register, ask questions, or introduce private member bills. Data corresponds to the period from 24-06-2024 to 13-08-2026.",NA,NA,NA,NA,NA,NA,NA,NA,Lok Sabha
180514,Jayanta Kumar Roy,Elected,09-06-2024,In Office,Second Term,Jalpaiguri,West Bengal,Bharatiya Janata Party,Male,Post Graduate and above,"Doctor of Medicine (Community Medicine) from West Bengal University of Health Science, Course completed in the year 2010",58,11,1,79,0.896103896, Data corresponds to the period from 24-06-2024 to 13-08-2026.,21.54095681,0.417355372,119.7049443,0.85328087,12.62820513,0.076923077,66.4025641,0.680357143,Lok Sabha
180532,Raju Bista,Elected,09-06-2024,In Office,Second Term,Darjeeling,West Bengal,Bharatiya Janata Party,Male,Graduate,B.A. from Manipur University,40,37,2,151,0.902597403, Data corresponds to the period from 24-06-2024 to 13-08-2026.,21.54095681,0.417355372,119.7049443,0.85328087,12.62820513,0.076923077,66.4025641,0.680357143,Lok Sabha
180537,Shantanu Thakur,Elected,09-06-2024,In Office,Second Term,Bangaon,West Bengal,Bharatiya Janata Party,Male,Graduate,B.A. from Karnataka State Open University in year 2015,44,NA,NA,NA,NA,"This MP is a minister. Ministers represent the government in debates, so we do not report their participation.  They do not sign the attendance register, ask questions, or introduce private member bills. Data corresponds to the period from 24-06-2024 to 13-08-2026.",NA,NA,NA,NA,NA,NA,NA,NA,Lok Sabha
180543,Sukanta Majumdar,Elected,09-06-2024,In Office,Second Term,Balurghat,West Bengal,Bharatiya Janata Party,Male,Post Graduate and above,Ph.D. from North Bengal University in year 2018,46,NA,NA,NA,NA,"This MP is a minister. Ministers represent the government in debates, so we do not report their participation.  They do not sign the attendance register, ask questions, or introduce private member bills. Data corresponds to the period from 24-06-2024 to 13-08-2026.",NA,NA,NA,NA,NA,NA,NA,NA,Lok Sabha
180522,Khalilur Rahaman,Elected,09-06-2024,In Office,Second Term,Jangipur,West Bengal,All India Trinamool Congress,Male,Graduate,B.Com from University of Calcutta in 1981,65,13,0,68,0.720779221, Data corresponds to the period from 24-06-2024 to 13-08-2026.,21.54095681,0.417355372,119.7049443,0.85328087,12.62820513,0.076923077,66.4025641,0.680357143,Lok Sabha
180083,Manish Tewari,Elected,09-06-2024,In Office,Third Term,Chandigarh,Chandigarh,Indian National Congress,Male,Graduate,"LLB, Campus Law Centre, Delhi University, 1992; BA (Hons), Goswami Ganesh Dutta Sanatan Dharam College, Sector 32, Chandigarh, Panjab University, 1985",60,43,6,141,0.967532468, Data corresponds to the period from 24-06-2024 to 13-08-2026.,21.54095681,0.417355372,119.7049443,0.85328087,43,6,141,0.967532468,Lok Sabha
180098,Harsh Malhotra,Elected,09-06-2024,In Office,First Term,East Delhi,Delhi,Bharatiya Janata Party,Male,Graduate,"LLB, Delhi University, 1987",62,NA,NA,NA,NA,"This MP is a minister. Ministers represent the government in debates, so we do not report their participation.  They do not sign the attendance register, ask questions, or introduce private member bills. Data corresponds to the period from 24-06-2024 to 13-08-2026.",NA,NA,NA,NA,NA,NA,NA,NA,Lok Sabha
180100,Manoj Tiwari,Elected,09-06-2024,In Office,Third Term,North East Delhi,Delhi,Bharatiya Janata Party,Male,Post Graduate and above,"MPEd., Banaras Hindu University, Varanasi, 1994",55,21,3,276,0.902597403, Data corresponds to the period from 24-06-2024 to 13-08-2026.,21.54095681,0.417355372,119.7049443,0.85328087,20.16666667,0.5,172,0.962121212,Lok Sabha
180095,Delkar Kalaben Mohanbhai,Elected,09-06-2024,In Office,Second Term,Dadra and Nagar Haveli,Dadra and Nagar Haveli,Bharatiya Janata Party,Female,Graduate,"B.A. from Veer Narmad South Gujarat University, (Extended Mode) in year 2007-08",54,33,0,257,0.818181818, Data corresponds to the period from 24-06-2024 to 13-08-2026.,21.54095681,0.417355372,119.7049443,0.85328087,49.5,NA,193.5,0.88961039,Lok Sabha
180096,Patel Umeshbhai Babubhai,Elected,09-06-2024,In Office,First Term,Daman and Diu,Dadra and Nagar Haveli,Independent,Male,Graduate,"BCom., Janardhan Rai Nagar, Rajasthan Vidyapeeth, Rajasthan",50,66,0,130,0.961038961, Data corresponds to the period from 24-06-2024 to 13-08-2026.,21.54095681,0.417355372,119.7049443,0.85328087,49.5,NA,193.5,0.88961039,Lok Sabha
180097,Bansuri Swaraj,Elected,09-06-2024,In Office,First Term,New Delhi,Delhi,Bharatiya Janata Party,Female,Post Graduate and above,"Master of Studies, St Catherine's College, University of Oxford, UK, 2009",42,17,0,41,0.948051948, Data corresponds to the period from 24-06-2024 to 13-08-2026.,21.54095681,0.417355372,119.7049443,0.85328087,20.16666667,0.5,172,0.962121212,Lok Sabha
180099,Kamaljeet Sehrawat,Elected,09-06-2024,In Office,First Term,West Delhi,Delhi,Bharatiya Janata Party,Female,Post Graduate and above,"M.Com. from Himachal Pradesh University, Shimla, 1995",53,21,0,235,0.961038961, Data corresponds to the period from 24-06-2024 to 13-08-2026.,21.54095681,0.417355372,119.7049443,0.85328087,20.16666667,0.5,172,0.962121212,Lok Sabha
180101,Praveen Khandelwal,Elected,09-06-2024,In Office,First Term,Chandni Chowk,Delhi,Bharatiya Janata Party,Male,Graduate,"BA, Ramjas College, Delhi, 1983; LLB, Delhi University, 1986",65,4,0,40,0.993506494, Data corresponds to the period from 24-06-2024 to 13-08-2026.,21.54095681,0.417355372,119.7049443,0.85328087,20.16666667,0.5,172,0.962121212,Lok Sabha
180102,Ramvir Singh Bidhuri,Elected,09-06-2024,In Office,First Term,South Delhi,Delhi,Bharatiya Janata Party,Male,Graduate,"Bachelor of Arts, Deshbandhu Gupta College, Delhi University, 1973",73,30,0,169,1, Data corresponds to the period from 24-06-2024 to 13-08-2026.,21.54095681,0.417355372,119.7049443,0.85328087,20.16666667,0.5,172,0.962121212,Lok Sabha
180103,Yogender Chandolia,Elected,09-06-2024,In Office,First Term,North West Delhi,Delhi,Bharatiya Janata Party,Male,Graduate,"BA Political Science and History, Swami Vivekanand Subharti University, Meerut, UP, 2022",64,28,0,271,0.967532468, Data corresponds to the period from 24-06-2024 to 13-08-2026.,21.54095681,0.417355372,119.7049443,0.85328087,20.16666667,0.5,172,0.962121212,Lok Sabha
180214,Muhammed Hamdullah Sayeed,Elected,09-06-2024,In Office,Second Term,Lakshadweep,Lakshadweep,Indian National Congress,Male,Graduate,"B.S.L, L.L.B. from Indian Law Society Law College, Pune, in year 2005",44,19,0,103,0.941558442, Data corresponds to the period from 24-06-2024 to 13-08-2026.,21.54095681,0.417355372,119.7049443,0.85328087,19,NA,103,0.941558442,Lok Sabha
180319,Ve Vaithilingam,Elected,09-06-2024,In Office,Second Term,Puducherry,Puducherry,Indian National Congress,Male,Graduate,B.Com. from Madurai Kamaraj University by Distance Education in year 1968-71,75,13,0,71,0.792207792, Data corresponds to the period from 24-06-2024 to 13-08-2026.,21.54095681,0.417355372,119.7049443,0.85328087,13,NA,71,0.792207792,Lok Sabha
180039,Pradyut Bordoloi,Elected,09-06-2024,20-03-2026,Second Term,Nagaon,Assam,Indian National Congress,Male,Post Graduate and above,"Master Degree from The School of Social Sciences, JNU, New Delhi in year 1980-81",67,11,0,138,0.753968254, Data corresponds to the period from 24-06-2024 to 13-08-2026.,18.48252189,0.417355372,96.85620763,0.85328087,14.07692308,0.076923077,75.69230769,0.849206349,Lok Sabha
180081,Vijaylakshmi Devi,Elected,09-06-2024,In Office,First Term,Siwan,Bihar,Janata Dal (United),Female,Upto Higher Secondary,Literate,63,4,0,82,0.993506494, Data corresponds to the period from 24-06-2024 to 13-08-2026.,21.54095681,0.417355372,119.7049443,0.85328087,22.94117647,0.588235294,104.4117647,0.892475172,Lok Sabha
180294,Ricky Andrew J Syngkon,Elected,09-06-2024,19-02-2026,First Term,Shillong,Meghalaya,Voice of the People Party,Male,Post Graduate and above,"PhD (Economics), School of Economics Management and Information Sciences, North-Eastern Hill University, 2007",54,9,0,19,0.637037037, Data corresponds to the period from 24-06-2024 to 13-08-2026.,17.04980968,0.417355372,87.82101094,0.85328087,10,NA,16.5,0.782804233,Lok Sabha
180358,Indra Hang Subba,Elected,09-06-2024,In Office,Second Term,Sikkim,Sikkim,Sikkim Krantikari Morcha,Male,Post Graduate and above,Ph.D. (Physics) from Sikkim University in year 2023,37,16,0,48,0.915584416, Data corresponds to the period from 24-06-2024 to 13-08-2026.,21.54095681,0.417355372,119.7049443,0.85328087,16,NA,48,0.915584416,Lok Sabha
180394,Tharaniventhan M S,Elected,09-06-2024,In Office,First Term,Arani,Tamil Nadu,Dravida Munnetra Kazhagam,Male,Upto Higher Secondary,10th Passed,61,8,0,131,0.720779221, Data corresponds to the period from 24-06-2024 to 13-08-2026.,21.54095681,0.417355372,119.7049443,0.85328087,25.58974359,0.615384615,132.3589744,0.7998668,Lok Sabha
180538,Sharmila Sarkar,Elected,09-06-2024,In Office,First Term,Bardhaman Purba,West Bengal,All India Trinamool Congress,Female,Post Graduate and above,"M.D. (Psychiatry) from The West Bengal University of Health Sciences, West Benal in year 2008",47,12,0,48,0.785714286, Data corresponds to the period from 24-06-2024 to 13-08-2026.,21.54095681,0.417355372,119.7049443,0.85328087,12.62820513,0.076923077,66.4025641,0.680357143,Lok Sabha
180002,G Lakshminarayana,Elected,09-06-2024,In Office,First Term,Ananthapur,Andhra Pradesh,Telugu Desam Party,Male,Graduate,"B.Sc. from Nagarjuna University, Nagarjuna Nagar, 28-3-1990",62,16,0,171,0.935064935, Data corresponds to the period from 24-06-2024 to 13-08-2026.,21.54095681,0.417355372,119.7049443,0.85328087,19.54545455,0.5,168.9090909,0.863636364,Lok Sabha
180003,Appalanaidu Kalisetti,Elected,09-06-2024,In Office,First Term,Vizianagaram,Andhra Pradesh,Telugu Desam Party,Male,Graduate,LL.B. (Bachelor of Legislative Law) Andhra University 2011,53,21,0,180,0.993506494, Data corresponds to the period from 24-06-2024 to 13-08-2026.,21.54095681,0.417355372,119.7049443,0.85328087,19.54545455,0.5,168.9090909,0.863636364,Lok Sabha
180004,B K Parthasarathi,Elected,09-06-2024,In Office,Second Term,Hindupur,Andhra Pradesh,Telugu Desam Party,Male,Graduate,"B.A., S.A.P.S. College, Bangalore University, Year 1982",66,2,0,192,0.74025974, Data corresponds to the period from 24-06-2024 to 13-08-2026.,21.54095681,0.417355372,119.7049443,0.85328087,19.54545455,0.5,168.9090909,0.863636364,Lok Sabha
180005,Balashowry Vallabhaneni,Elected,09-06-2024,In Office,Third Term,Machilipatnam,Andhra Pradesh,Jana Sena Party,Male,Post Graduate and above,Master of Arts Political Science from Andhra University in 2014,57,28,0,156,0.863636364, Data corresponds to the period from 24-06-2024 to 13-08-2026.,21.54095681,0.417355372,119.7049443,0.85328087,19.54545455,0.5,168.9090909,0.863636364,Lok Sabha
180008,C M Ramesh,Elected,09-06-2024,In Office,First Term,Anakapalle,Andhra Pradesh,Bharatiya Janata Party,Male,Upto Higher Secondary,"Intermediate from Board of Intermediate Education, Andhra Pradesh 1983",61,19,0,138,0.818181818, Data corresponds to the period from 24-06-2024 to 13-08-2026.,21.54095681,0.417355372,119.7049443,0.85328087,19.54545455,0.5,168.9090909,0.863636364,Lok Sabha
180010,Daggubati Purandeswari,Elected,09-06-2024,In Office,Third Term,Rajahmundry,Andhra Pradesh,Bharatiya Janata Party,Female,Graduate,"BA Litt. from SIT Women's College, 1976-79",67,24,0,195,0.922077922, Data corresponds to the period from 24-06-2024 to 13-08-2026.,21.54095681,0.417355372,119.7049443,0.85328087,19.54545455,0.5,168.9090909,0.863636364,Lok Sabha
180011,Daggumalla Prasada Rao,Elected,09-06-2024,In Office,First Term,Chittoor,Andhra Pradesh,Telugu Desam Party,Male,Graduate,"B.A. from V.R.S. & Y.R.N. College, Chirala (Andhra University) in the Year 1981",64,11,0,165,0.941558442, Data corresponds to the period from 24-06-2024 to 13-08-2026.,21.54095681,0.417355372,119.7049443,0.85328087,19.54545455,0.5,168.9090909,0.863636364,Lok Sabha
180013,Gumma Thanuja Rani,Elected,09-06-2024,In Office,First Term,Araku,Andhra Pradesh,Yuvajana Sramika Rythu Congress Party,Female,Graduate,"Medical Doctor in Profession ""General Medicine"" from the International Higher School of Medicine, Bishkek Kyrgyzstan, in 2017",33,17,0,102,0.909090909, Data corresponds to the period from 24-06-2024 to 13-08-2026.,21.54095681,0.417355372,119.7049443,0.85328087,19.54545455,0.5,168.9090909,0.863636364,Lok Sabha
180014,Kesineni Sivanath,Elected,09-06-2024,In Office,First Term,Vijayawada,Andhra Pradesh,Telugu Desam Party,Male,Graduate,"B.E. in Branch - II Mechanical Engineering in the year 1991 from Arulmigu Meenakshi Amman College Engineering, Kanchipuram, Madras University",57,13,0,173,0.863636364, Data corresponds to the period from 24-06-2024 to 13-08-2026.,21.54095681,0.417355372,119.7049443,0.85328087,19.54545455,0.5,168.9090909,0.863636364,Lok Sabha
180018,Magunta Sreenivasulu Reddy,Elected,09-06-2024,In Office,Fifth Term,Ongole,Andhra Pradesh,Telugu Desam Party,Male,Graduate,"B.Com., V.R. College (S V University), Nellore, Year of Completion 1973",72,12,0,183,0.87012987, Data corresponds to the period from 24-06-2024 to 13-08-2026.,21.54095681,0.417355372,119.7049443,0.85328087,19.54545455,0.5,168.9090909,0.863636364,Lok Sabha
180019,Bastipati Nagaraju,Elected,09-06-2024,In Office,First Term,Kurnoolu,Andhra Pradesh,Telugu Desam Party,Male,Post Graduate and above,"M.Sc. (Chemistry) - Swamy Ramananda Teerth Marathwada University, Nanded Maharashtra 2006",47,16,0,179,0.948051948, Data corresponds to the period from 24-06-2024 to 13-08-2026.,21.54095681,0.417355372,119.7049443,0.85328087,19.54545455,0.5,168.9090909,0.863636364,Lok Sabha
180020,P V Midhun Reddy,Elected,09-06-2024,In Office,Third Term,Rajampet,Andhra Pradesh,Yuvajana Sramika Rythu Congress Party,Male,Post Graduate and above,MBA from MBA International Business Schiller University Waterloo London in 2000,48,16,0,148,0.61038961, Data corresponds to the period from 24-06-2024 to 13-08-2026.,21.54095681,0.417355372,119.7049443,0.85328087,19.54545455,0.5,168.9090909,0.863636364,Lok Sabha
180021,Prabhakar Reddy Vemireddy,Elected,09-06-2024,In Office,First Term,Nellore,Andhra Pradesh,Telugu Desam Party,Male,Graduate,"B.Tech from Andhra University, Visakhapatnam in the year 2006",70,9,0,168,0.75974026, Data corresponds to the period from 24-06-2024 to 13-08-2026.,21.54095681,0.417355372,119.7049443,0.85328087,19.54545455,0.5,168.9090909,0.863636364,Lok Sabha
180024,Sribharat Mathukumilli,Elected,09-06-2024,In Office,First Term,Visakhapatnam,Andhra Pradesh,Telugu Desam Party,Male,Post Graduate and above,"M.A. from Stanford University, California in 2016, M.B.A. from Stanford University, California State, USA, in 2016",37,16,0,157,0.928571429, Data corresponds to the period from 24-06-2024 to 13-08-2026.,21.54095681,0.417355372,119.7049443,0.85328087,19.54545455,0.5,168.9090909,0.863636364,Lok Sabha
180025,Tangella Uday Srinivas,Elected,09-06-2024,In Office,First Term,Kakinada,Andhra Pradesh,Jana Sena Party,Male,Upto Higher Secondary,"Intermediate Passed Year 2003, Board of Intermediate Education Andhra Pradesh",41,26,0,116,0.88961039, Data corresponds to the period from 24-06-2024 to 13-08-2026.,21.54095681,0.417355372,119.7049443,0.85328087,19.54545455,0.5,168.9090909,0.863636364,Lok Sabha
180026,Y S Avinash Reddy,Elected,09-06-2024,In Office,Third Term,Kadapa,Andhra Pradesh,Yuvajana Sramika Rythu Congress Party,Male,Post Graduate and above,"MBA from University of Worcester, U.K.",41,13,0,146,0.551948052, Data corresponds to the period from 24-06-2024 to 13-08-2026.,21.54095681,0.417355372,119.7049443,0.85328087,19.54545455,0.5,168.9090909,0.863636364,Lok Sabha
180028,Tapir Gao,Elected,09-06-2024,In Office,Third Term,Arunachal East,Arunachal Pradesh,Bharatiya Janata Party,Male,Post Graduate and above,M.A. (Pol. Sc.) from Arunachal University in year 1990,61,11,0,113,0.980519481, Data corresponds to the period from 24-06-2024 to 13-08-2026.,21.54095681,0.417355372,119.7049443,0.85328087,11,NA,113,0.980519481,Lok Sabha
180030,Bijuli Kalita Medhi,Elected,09-06-2024,In Office,First Term,Guwahati,Assam,Bharatiya Janata Party,Female,Post Graduate and above,M.A. in Philosophy from University of Gauhati in 2002,47,8,0,72,0.935064935, Data corresponds to the period from 24-06-2024 to 13-08-2026.,21.54095681,0.417355372,119.7049443,0.85328087,15.24358974,0.076923077,91.52564103,0.849206349,Lok Sabha
180031,Dilip Saikia,Elected,09-06-2024,In Office,Second Term,Darang Udalguri,Assam,Bharatiya Janata Party,Male,Graduate,B.Com. from Gauhati Commerce College under Gauhati University in year 1994,52,57,0,278,0.863636364, Data corresponds to the period from 24-06-2024 to 13-08-2026.,21.54095681,0.417355372,119.7049443,0.85328087,15.24358974,0.076923077,91.52564103,0.849206349,Lok Sabha
180032,Gaurav Gogoi,Elected,09-06-2024,In Office,Third Term,Jorhat,Assam,Indian National Congress,Male,Post Graduate and above,"M.P.A. from Robert F Wagner Graduate School of Public Service, New York University in year 2010",43,33,0,147,0.772727273, Data corresponds to the period from 24-06-2024 to 13-08-2026.,21.54095681,0.417355372,119.7049443,0.85328087,15.24358974,0.076923077,91.52564103,0.849206349,Lok Sabha
180033,Joyanta Basumatary,Elected,09-06-2024,In Office,First Term,Kokrajhar,Assam,"United Peoples Party, Liberal",Male,Graduate,B.A. from Bongaigaon College in 1999,50,24,0,86,0.818181818, Data corresponds to the period from 24-06-2024 to 13-08-2026.,21.54095681,0.417355372,119.7049443,0.85328087,15.24358974,0.076923077,91.52564103,0.849206349,Lok Sabha
180034,Kamakhya Prasad Tasa,Elected,09-06-2024,In Office,Second Term,Kaziranga,Assam,Bharatiya Janata Party,Male,Post Graduate and above,M.A from Dibrugarh University in year 1999,51,19,0,72,0.811688312, Data corresponds to the period from 24-06-2024 to 13-08-2026.,21.54095681,0.417355372,119.7049443,0.85328087,15.24358974,0.076923077,91.52564103,0.849206349,Lok Sabha
180035,Kripanath Mallah,Elected,09-06-2024,In Office,Second Term,Karimganj,Assam,Bharatiya Janata Party,Male,Graduate,"B.Sc. from Karimganj College, Assam University in 1997",52,6,0,96,0.922077922, Data corresponds to the period from 24-06-2024 to 13-08-2026.,21.54095681,0.417355372,119.7049443,0.85328087,15.24358974,0.076923077,91.52564103,0.849206349,Lok Sabha
180036,Parimal Suklabaidya,Elected,09-06-2024,In Office,First Term,Silchar,Assam,Bharatiya Janata Party,Male,Graduate,B.A. from Gauhati University in year 1980,68,8,0,43,0.935064935, Data corresponds to the period from 24-06-2024 to 13-08-2026.,21.54095681,0.417355372,119.7049443,0.85328087,15.24358974,0.076923077,91.52564103,0.849206349,Lok Sabha
180037,Phani Bhusan Choudhury,Elected,09-06-2024,In Office,First Term,Barpeta,Assam,Asom Gana Parishad,Male,Graduate,"B.Sc. from Arya Vidyapeeth College, Guwahati in year 1973",74,7,0,22,0.785714286, Data corresponds to the period from 24-06-2024 to 13-08-2026.,21.54095681,0.417355372,119.7049443,0.85328087,15.24358974,0.076923077,91.52564103,0.849206349,Lok Sabha
180038,Pradan Baruah,Elected,09-06-2024,In Office,Third Term,Lakhimpur,Assam,Bharatiya Janata Party,Male,Upto Higher Secondary,"Diploma (Mech. Engg.) from Dibrugarh Polytechnic, Assam in year 1985",61,2,0,3,0.87012987, Data corresponds to the period from 24-06-2024 to 13-08-2026.,21.54095681,0.417355372,119.7049443,0.85328087,15.24358974,0.076923077,91.52564103,0.849206349,Lok Sabha
180040,Md. Rakibul Hussain,Elected,09-06-2024,In Office,First Term,Dhubri,Assam,Indian National Congress,Male,Post Graduate and above,M.A. (Pol. Sc.) from Aligarh Muslim University in year 2023,62,19,0,113,0.818181818, Data corresponds to the period from 24-06-2024 to 13-08-2026.,21.54095681,0.417355372,119.7049443,0.85328087,15.24358974,0.076923077,91.52564103,0.849206349,Lok Sabha
180041,Ranjit Dutta,Elected,09-06-2024,In Office,First Term,Sonitpur,Assam,Bharatiya Janata Party,Male,Upto Higher Secondary,"Pre University Examination Passed from Darrang College, Tezpur, Gauhati University in year 1974-75",69,2,0,29,0.850649351, Data corresponds to the period from 24-06-2024 to 13-08-2026.,21.54095681,0.417355372,119.7049443,0.85328087,15.24358974,0.076923077,91.52564103,0.849206349,Lok Sabha
180256,Bhumare Sandipanrao Asaram,Elected,09-06-2024,In Office,First Term,Aurangabad,Maharashtra,Shiv Sena,Male,Upto Higher Secondary,"11th Class from Institute College, Paithan, Maharashtra in year 1981",64,8,0,237,0.753246753, Data corresponds to the period from 24-06-2024 to 13-08-2026.,21.54095681,0.417355372,119.7049443,0.85328087,31.9772979,0.88372093,181.1135105,0.844278827,Lok Sabha
180043,Abhay Kumar Sinha,Elected,09-06-2024,In Office,First Term,Aurangabad,Bihar,Rashtriya Janata Dal,Male,Upto Higher Secondary,12th Passed from Gaya College in year 1988,54,51,0,50,0.941558442, Data corresponds to the period from 24-06-2024 to 13-08-2026.,21.54095681,0.417355372,119.7049443,0.85328087,22.94117647,0.588235294,104.4117647,0.892475172,Lok Sabha
180044,Ajay Kumar Mandal,Elected,09-06-2024,In Office,Second Term,Bhagalpur,Bihar,Janata Dal (United),Male,Upto Higher Secondary,"9th Passed from Shri Sant High School, Ghogha, Bhagalpur",48,1,0,111,0.428571429, Data corresponds to the period from 24-06-2024 to 13-08-2026.,21.54095681,0.417355372,119.7049443,0.85328087,22.94117647,0.588235294,104.4117647,0.892475172,Lok Sabha
180047,Ashok Kumar Yadav,Elected,09-06-2024,In Office,Second Term,Madhubani,Bihar,Bharatiya Janata Party,Male,Post Graduate and above,"Ph.D. from Lalit Narayan Mithila University, Darbhanga, Bihar in year 2006",56,2,0,12,0.980519481, Data corresponds to the period from 24-06-2024 to 13-08-2026.,21.54095681,0.417355372,119.7049443,0.85328087,22.94117647,0.588235294,104.4117647,0.892475172,Lok Sabha
180049,Devesh Chandra Thakur,Elected,09-06-2024,In Office,First Term,Sitamarhi,Bihar,Janata Dal (United),Male,Graduate,"L.L.B. from I.L.S Pune, Pune University, Maharashtra (1976)",73,4,0,19,0.746753247, Data corresponds to the period from 24-06-2024 to 13-08-2026.,21.54095681,0.417355372,119.7049443,0.85328087,22.94117647,0.588235294,104.4117647,0.892475172,Lok Sabha
180050,Dileshwar Kamait,Elected,09-06-2024,In Office,Second Term,Supaul,Bihar,Janata Dal (United),Male,Graduate,"B.A. from T.P College, Madhepura (Bhagalpur University) in year 1968",80,42,0,161,0.993506494, Data corresponds to the period from 24-06-2024 to 13-08-2026.,21.54095681,0.417355372,119.7049443,0.85328087,22.94117647,0.588235294,104.4117647,0.892475172,Lok Sabha
180084,Bhojraj Nag,Elected,09-06-2024,In Office,First Term,Kanker,Chhattisgarh,Bharatiya Janata Party,Male,Upto Higher Secondary,"9th Passed from Govt. Higher Secondary School, Antagarh in year 1986",54,2,0,219,0.876623377, Data corresponds to the period from 24-06-2024 to 13-08-2026.,21.54095681,0.417355372,119.7049443,0.85328087,12,NA,144.3,0.874675325,Lok Sabha
180051,Dinesh Chandra Yadav,Elected,09-06-2024,In Office,Fifth Term,Madhepura,Bihar,Janata Dal (United),Male,Upto Higher Secondary,"Diploma (Civil Engg.) from Govt. Polytechnic, Saharsa, Bihar in year 1971",75,26,0,133,0.909090909, Data corresponds to the period from 24-06-2024 to 13-08-2026.,21.54095681,0.417355372,119.7049443,0.85328087,22.94117647,0.588235294,104.4117647,0.892475172,Lok Sabha
180052,Giridhari Yadav,Elected,09-06-2024,In Office,Fourth Term,Banka,Bihar,Janata Dal (United),Male,Post Graduate and above,M.A. (History) from Dr. Hari Singh Gour University in year 1989,65,3,0,128,0.746753247, Data corresponds to the period from 24-06-2024 to 13-08-2026.,21.54095681,0.417355372,119.7049443,0.85328087,22.94117647,0.588235294,104.4117647,0.892475172,Lok Sabha
180054,Gopal Jee Thakur,Elected,09-06-2024,In Office,Second Term,Darbhanga,Bihar,Bharatiya Janata Party,Male,Post Graduate and above,"Ph.D. from L.N.M. University, Darbhanga, in 2020",56,23,0,115,0.967532468, Data corresponds to the period from 24-06-2024 to 13-08-2026.,21.54095681,0.417355372,119.7049443,0.85328087,22.94117647,0.588235294,104.4117647,0.892475172,Lok Sabha
180057,Kaushalendra Kumar,Elected,09-06-2024,In Office,Fourth Term,Nalanda,Bihar,Janata Dal (United),Male,Upto Higher Secondary,"IA, Sardar Patel Memorial College, Bihar Sharif, 1980",67,34,0,159,0.993506494, Data corresponds to the period from 24-06-2024 to 13-08-2026.,21.54095681,0.417355372,119.7049443,0.85328087,22.94117647,0.588235294,104.4117647,0.892475172,Lok Sabha
180058,Lovely Anand,Elected,09-06-2024,In Office,Second Term,Sheohar,Bihar,Janata Dal (United),Female,Graduate,"Degree from Lalit Narayan Mithila University, Bihar, 1991",59,33,0,87,0.961038961, Data corresponds to the period from 24-06-2024 to 13-08-2026.,21.54095681,0.417355372,119.7049443,0.85328087,22.94117647,0.588235294,104.4117647,0.892475172,Lok Sabha
180059,Manoj Kumar,Elected,09-06-2024,In Office,First Term,Sasaram,Bihar,Indian National Congress,Male,Graduate,"Graduate, Vir Kunwar Singh University, Arrah, Bihar, 2003",43,18,0,56,0.941558442, Data corresponds to the period from 24-06-2024 to 13-08-2026.,21.54095681,0.417355372,119.7049443,0.85328087,22.94117647,0.588235294,104.4117647,0.892475172,Lok Sabha
180061,Mohammad Jawed,Elected,09-06-2024,In Office,Second Term,Kishanganj,Bihar,Indian National Congress,Male,Graduate,"MBBS from Govt. Medical College, Kashmir University in year 1989",63,42,0,143,0.993506494, Data corresponds to the period from 24-06-2024 to 13-08-2026.,21.54095681,0.417355372,119.7049443,0.85328087,22.94117647,0.588235294,104.4117647,0.892475172,Lok Sabha
180063,Pradeep Kumar Singh,Elected,09-06-2024,In Office,Third Term,Araria,Bihar,Bharatiya Janata Party,Male,Upto Higher Secondary,Matric from Bihar Board in 1982,61,10,0,235,0.961038961, Data corresponds to the period from 24-06-2024 to 13-08-2026.,21.54095681,0.417355372,119.7049443,0.85328087,22.94117647,0.588235294,104.4117647,0.892475172,Lok Sabha
180066,Raja Ram Singh,Elected,09-06-2024,In Office,First Term,Karakat,Bihar,Communist Party of India (Marxist-Leninist) (Liberation),Male,Graduate,"BSc Engineering (Civil), BCE, Patna University, Patna, 1983",68,35,0,109,0.961038961, Data corresponds to the period from 24-06-2024 to 13-08-2026.,21.54095681,0.417355372,119.7049443,0.85328087,22.94117647,0.588235294,104.4117647,0.892475172,Lok Sabha
180067,Rajesh Ranjan,Elected,09-06-2024,In Office,Sixth Term,Purnia,Bihar,Independent,Male,Graduate,"Graduate, B. N Mandal University, 1991",58,70,0,141,0.805194805, Data corresponds to the period from 24-06-2024 to 13-08-2026.,21.54095681,0.417355372,119.7049443,0.85328087,22.94117647,0.588235294,104.4117647,0.892475172,Lok Sabha
180068,Rajesh Verma,Elected,09-06-2024,In Office,First Term,Khagaria,Bihar,Lok Janshakti Party (Ram Vilas),Male,Graduate,"Bachelor of Engineering from Rajiv Gandhi Proudyogiki Vishwa Vidyalaya, Bhopal in 2014",33,26,0,210,0.75974026, Data corresponds to the period from 24-06-2024 to 13-08-2026.,21.54095681,0.417355372,119.7049443,0.85328087,22.94117647,0.588235294,104.4117647,0.892475172,Lok Sabha
180071,Ramprit Mandal,Elected,09-06-2024,In Office,Second Term,Jhanjharpur,Bihar,Janata Dal (United),Male,Upto Higher Secondary,10th Passed in year 1970,70,14,0,112,0.941558442, Data corresponds to the period from 24-06-2024 to 13-08-2026.,21.54095681,0.417355372,119.7049443,0.85328087,22.94117647,0.588235294,104.4117647,0.892475172,Lok Sabha
180073,Sanjay Jaiswal,Elected,09-06-2024,In Office,Fourth Term,Paschim Champaran,Bihar,Bharatiya Janata Party,Male,Post Graduate and above,"M.D. (General Medicine), Lalit Narayan Mithila University, Darbhanga, 1997",60,25,0,170,0.876623377, Data corresponds to the period from 24-06-2024 to 13-08-2026.,21.54095681,0.417355372,119.7049443,0.85328087,22.94117647,0.588235294,104.4117647,0.892475172,Lok Sabha
180075,Sudama Prasad,Elected,09-06-2024,In Office,First Term,Arrah,Bihar,Communist Party of India (Marxist-Leninist) (Liberation),Male,Graduate,"Graduation, Maharaja College, Ara, 1982",65,37,0,109,0.993506494, Data corresponds to the period from 24-06-2024 to 13-08-2026.,21.54095681,0.417355372,119.7049443,0.85328087,22.94117647,0.588235294,104.4117647,0.892475172,Lok Sabha
180076,Sudhakar Singh,Elected,09-06-2024,In Office,First Term,Buxar,Bihar,Rashtriya Janata Dal,Male,Graduate,"Graduation, Delhi University, 1995; High School, Bihar Board, 1990; Intermediate, UP Board, 1992",50,35,0,110,0.954545455, Data corresponds to the period from 24-06-2024 to 13-08-2026.,21.54095681,0.417355372,119.7049443,0.85328087,22.94117647,0.588235294,104.4117647,0.892475172,Lok Sabha
180077,Sunil Kumar,Elected,09-06-2024,In Office,Second Term,Valmiki Nagar,Bihar,Janata Dal (United),Male,Graduate,"B.A., MJK College, Baba Bhim Rao Ambedkar, University, Muzaffarpur, Bihar, 2005",42,32,0,132,0.993506494, Data corresponds to the period from 24-06-2024 to 13-08-2026.,21.54095681,0.417355372,119.7049443,0.85328087,22.94117647,0.588235294,104.4117647,0.892475172,Lok Sabha
180079,Tariq Anwar,Elected,09-06-2024,In Office,Sixth Term,Katihar,Bihar,Indian National Congress,Male,Graduate,"B.Sc. from Commerce College, Patna, Magadh University, Bodh Gaya in year 1972",75,16,0,71,0.967532468, Data corresponds to the period from 24-06-2024 to 13-08-2026.,21.54095681,0.417355372,119.7049443,0.85328087,22.94117647,0.588235294,104.4117647,0.892475172,Lok Sabha
180080,Veena Devi,Elected,09-06-2024,In Office,Second Term,Vaishali,Bihar,Lok Janshakti Party (Ram Vilas),Female,Upto Higher Secondary,"Matric (equivalent) from Hindi Sahitya Sammelan, Allahabad in year 2004",59,5,0,2,0.987012987, Data corresponds to the period from 24-06-2024 to 13-08-2026.,21.54095681,0.417355372,119.7049443,0.85328087,22.94117647,0.588235294,104.4117647,0.892475172,Lok Sabha
180082,Vivek Thakur,Elected,09-06-2024,In Office,First Term,Nawada,Bihar,Bharatiya Janata Party,Male,Graduate,"L.L.B. from Bihar Institute of Law, Magadh University in year 1997",56,2,0,26,0.967532468, Data corresponds to the period from 24-06-2024 to 13-08-2026.,21.54095681,0.417355372,119.7049443,0.85328087,22.94117647,0.588235294,104.4117647,0.892475172,Lok Sabha
180085,Brijmohan Agrawal,Elected,09-06-2024,In Office,First Term,Raipur,Chhattisgarh,Bharatiya Janata Party,Male,Post Graduate and above,"LLB from Pt. Ravishankar Sukla University Raipur in 1985-86, M.Com from Pt. Ravishankar Sukla University Raipur in 1981-82",67,26,0,159,0.837662338, Data corresponds to the period from 24-06-2024 to 13-08-2026.,21.54095681,0.417355372,119.7049443,0.85328087,12,NA,144.3,0.874675325,Lok Sabha
180086,Chintamani Maharaj,Elected,09-06-2024,In Office,First Term,Surguja,Chhattisgarh,Bharatiya Janata Party,Male,Upto Higher Secondary,"12th Passed from Chhattisgarh Sanskrit Vidyamandalam, Raipur, Chhattisgarh in year 2014",58,2,0,110,0.844155844, Data corresponds to the period from 24-06-2024 to 13-08-2026.,21.54095681,0.417355372,119.7049443,0.85328087,12,NA,144.3,0.874675325,Lok Sabha
180087,Jyotsna Charandas Mahant,Elected,09-06-2024,In Office,Second Term,Korba,Chhattisgarh,Indian National Congress,Female,Post Graduate and above,"M.Sc Zoology from Bhopal University in 1976, B.Sc from Bhopal University in 1974",72,12,0,88,0.88961039, Data corresponds to the period from 24-06-2024 to 13-08-2026.,21.54095681,0.417355372,119.7049443,0.85328087,12,NA,144.3,0.874675325,Lok Sabha
180088,Kamlesh Jangde,Elected,09-06-2024,In Office,First Term,Janjgir-Champa,Chhattisgarh,Bharatiya Janata Party,Female,Post Graduate and above,"M.A. (Hindi Literature) from Bilaspur University, Chhattisgarh in year 2017",48,13,0,215,0.941558442, Data corresponds to the period from 24-06-2024 to 13-08-2026.,21.54095681,0.417355372,119.7049443,0.85328087,12,NA,144.3,0.874675325,Lok Sabha
180089,Mahesh Kashyap,Elected,09-06-2024,In Office,First Term,Bastar,Chhattisgarh,Bharatiya Janata Party,Male,Upto Higher Secondary,"9th Passed from National Higher Secondary School, Jagdalpur in year 1996",50,15,0,112,0.818181818, Data corresponds to the period from 24-06-2024 to 13-08-2026.,21.54095681,0.417355372,119.7049443,0.85328087,12,NA,144.3,0.874675325,Lok Sabha
180090,Radheshyam Rathiya,Elected,09-06-2024,In Office,First Term,Raigarh,Chhattisgarh,Bharatiya Janata Party,Male,Upto Higher Secondary,12th Passed,54,4,0,89,0.844155844, Data corresponds to the period from 24-06-2024 to 13-08-2026.,21.54095681,0.417355372,119.7049443,0.85328087,12,NA,144.3,0.874675325,Lok Sabha
180091,Roopkumari Choudhary,Elected,09-06-2024,In Office,First Term,Mahasamund,Chhattisgarh,Bharatiya Janata Party,Female,Post Graduate and above,"M.A. (Pol. Sc.) from Lt. Virendra Bahadur Singh Govt. College, Saraipali, Pt. Ravishankar Shukla University, Raipur (Chhattisgarh) in year 2023",50,18,0,159,0.941558442, Data corresponds to the period from 24-06-2024 to 13-08-2026.,21.54095681,0.417355372,119.7049443,0.85328087,12,NA,144.3,0.874675325,Lok Sabha
180092,Santosh Pandey,Elected,09-06-2024,In Office,Second Term,Rajnandgaon,Chhattisgarh,Bharatiya Janata Party,Male,Graduate,"B.A.L.L.B. from Pt. Kishorilal Shukla Vidhi Mahavidyalaya, Rajnandgaon, Pandit Ravishankar Shukla University in year 1997",58,14,0,22,0.928571429, Data corresponds to the period from 24-06-2024 to 13-08-2026.,21.54095681,0.417355372,119.7049443,0.85328087,12,NA,144.3,0.874675325,Lok Sabha
180094,Vijay Baghel,Elected,09-06-2024,In Office,Second Term,Durg,Chhattisgarh,Bharatiya Janata Party,Male,Graduate,B.Com from Pt. Ravishankar Sukla University Raipur in 1988,66,14,0,270,0.824675325, Data corresponds to the period from 24-06-2024 to 13-08-2026.,21.54095681,0.417355372,119.7049443,0.85328087,12,NA,144.3,0.874675325,Lok Sabha
180107,Bharatbhai Manubhai Sutariya,Elected,09-06-2024,In Office,First Term,Amreli,Gujarat,Bharatiya Janata Party,Male,Upto Higher Secondary,10th Passed in 2012,57,3,0,9,0.954545455, Data corresponds to the period from 24-06-2024 to 13-08-2026.,21.54095681,0.417355372,119.7049443,0.85328087,11.40909091,0.045454545,126.6818182,0.941263282,Lok Sabha
180109,Chandubhai Chhaganbhai Shihora,Elected,09-06-2024,In Office,First Term,Surendranagar,Gujarat,Bharatiya Janata Party,Male,Upto Higher Secondary,12th Passed from Gujarat Secondary Education Board in year 1981,64,2,0,7,0.915584416, Data corresponds to the period from 24-06-2024 to 13-08-2026.,21.54095681,0.417355372,119.7049443,0.85328087,11.40909091,0.045454545,126.6818182,0.941263282,Lok Sabha
180110,Chavda Vinod Lakhamshi,Elected,09-06-2024,In Office,Third Term,Kachchh,Gujarat,Bharatiya Janata Party,Male,Post Graduate and above,"M.A. from Babasaheb Ambedkar Open University in 2015, LLB from Gujarat University, Ahmedabad in 2005, B.Ed from Seth RD College Mundra in 2003",47,5,0,203,0.935064935, Data corresponds to the period from 24-06-2024 to 13-08-2026.,21.54095681,0.417355372,119.7049443,0.85328087,11.40909091,0.045454545,126.6818182,0.941263282,Lok Sabha
180111,Chudasama Rajeshbhai Naranbhai,Elected,09-06-2024,In Office,Third Term,Junagadh,Gujarat,Bharatiya Janata Party,Male,Upto Higher Secondary,B.Com. (2nd year) from Saurashtra University in 2001,44,2,0,187,0.922077922, Data corresponds to the period from 24-06-2024 to 13-08-2026.,21.54095681,0.417355372,119.7049443,0.85328087,11.40909091,0.045454545,126.6818182,0.941263282,Lok Sabha
180112,Bharatsinhji Shankarji Dabhi,Elected,09-06-2024,In Office,Second Term,Patan,Gujarat,Bharatiya Janata Party,Male,Graduate,B.A. from Gujarat University in 1977,71,4,0,60,0.954545455, Data corresponds to the period from 24-06-2024 to 13-08-2026.,21.54095681,0.417355372,119.7049443,0.85328087,11.40909091,0.045454545,126.6818182,0.941263282,Lok Sabha
180113,Devusinh Chauhan,Elected,09-06-2024,In Office,Third Term,Kheda,Gujarat,Bharatiya Janata Party,Male,Graduate,Bachelor of Vocation (Journalism and Mass Communication) from SP University in 2023,61,1,0,76,0.987012987, Data corresponds to the period from 24-06-2024 to 13-08-2026.,21.54095681,0.417355372,119.7049443,0.85328087,11.40909091,0.045454545,126.6818182,0.941263282,Lok Sabha
180114,Dhaval Laxmanbhai Patel,Elected,09-06-2024,In Office,First Term,Valsad,Gujarat,Bharatiya Janata Party,Male,Post Graduate and above,"M.B.A. from Symbiosis International University, Pune in year 2010",40,8,0,92,0.941558442, Data corresponds to the period from 24-06-2024 to 13-08-2026.,21.54095681,0.417355372,119.7049443,0.85328087,11.40909091,0.045454545,126.6818182,0.941263282,Lok Sabha
180115,Dineshbhai Makwana,Elected,09-06-2024,In Office,First Term,Ahmedabad West,Gujarat,Bharatiya Janata Party,Male,Graduate,"LLB from Motilal Nehru Law College, Gujarat University in year 1994",56,8,0,272,0.980519481, Data corresponds to the period from 24-06-2024 to 13-08-2026.,21.54095681,0.417355372,119.7049443,0.85328087,11.40909091,0.045454545,126.6818182,0.941263282,Lok Sabha
180116,Geniben Nagaji Thakor,Elected,09-06-2024,In Office,First Term,Banaskantha,Gujarat,Indian National Congress,Female,Graduate,B.A. from Jain Vishwa Bharati Institute (Distance Education Programme) in 2020,51,29,0,110,0.915584416, Data corresponds to the period from 24-06-2024 to 13-08-2026.,21.54095681,0.417355372,119.7049443,0.85328087,11.40909091,0.045454545,126.6818182,0.941263282,Lok Sabha
180117,Haribhai Patel,Elected,09-06-2024,In Office,First Term,Mahesana,Gujarat,Bharatiya Janata Party,Male,Upto Higher Secondary,GDA (Commercial/Applied Art) from Gujarat State Examination Board in 1982,65,16,0,153,0.967532468, Data corresponds to the period from 24-06-2024 to 13-08-2026.,21.54095681,0.417355372,119.7049443,0.85328087,11.40909091,0.045454545,126.6818182,0.941263282,Lok Sabha
180118,Hasmukhbhai Somabhai Patel,Elected,09-06-2024,In Office,Second Term,Ahmedabad East,Gujarat,Bharatiya Janata Party,Male,Upto Higher Secondary,Diploma in Textile Manufacture from Technical Examination Board in 1982,65,13,0,99,0.980519481, Data corresponds to the period from 24-06-2024 to 13-08-2026.,21.54095681,0.417355372,119.7049443,0.85328087,11.40909091,0.045454545,126.6818182,0.941263282,Lok Sabha
180119,Hemang Joshi,Elected,09-06-2024,In Office,First Term,Vadodara,Gujarat,Bharatiya Janata Party,Male,Post Graduate and above,Master of Human Resource Management from University of Baroda in 2016,35,6,0,103,0.896103896, Data corresponds to the period from 24-06-2024 to 13-08-2026.,21.54095681,0.417355372,119.7049443,0.85328087,11.40909091,0.045454545,126.6818182,0.941263282,Lok Sabha
180203,M K Raghavan,Elected,09-06-2024,In Office,Fourth Term,Kozhikode,Kerala,Indian National Congress,Male,Graduate,"Bachelor of Arts, Mysore University, 1979",74,26,0,155,0.727272727, Data corresponds to the period from 24-06-2024 to 13-08-2026.,21.54095681,0.417355372,119.7049443,0.85328087,34.52046784,1.371345029,140.9736842,0.809125085,Lok Sabha
180120,Jashubhai Bhilubhai Rathva,Elected,09-06-2024,In Office,First Term,Chhota Udaipur,Gujarat,Bharatiya Janata Party,Male,Graduate,B.A. from Gujarat University in 1991,55,4,0,149,0.961038961, Data corresponds to the period from 24-06-2024 to 13-08-2026.,21.54095681,0.417355372,119.7049443,0.85328087,11.40909091,0.045454545,126.6818182,0.941263282,Lok Sabha
180121,Jaswantsinh Sumanbhai Bhabhor,Elected,09-06-2024,In Office,Third Term,Dahod,Gujarat,Bharatiya Janata Party,Male,Graduate,B.Ed. from Barkatullah University Bhopal in 1991,59,8,0,201,0.915584416, Data corresponds to the period from 24-06-2024 to 13-08-2026.,21.54095681,0.417355372,119.7049443,0.85328087,11.40909091,0.045454545,126.6818182,0.941263282,Lok Sabha
180123,Mansukhbhai Dhanjibhai Vasava,Elected,09-06-2024,In Office,Seventh Term,Bharuch,Gujarat,Bharatiya Janata Party,Male,Post Graduate and above,"M.S.W from Gujarat Vidyapith in 1982, B.A. from South Gujarat University in 1977-78",69,27,0,54,0.87012987, Data corresponds to the period from 24-06-2024 to 13-08-2026.,21.54095681,0.417355372,119.7049443,0.85328087,11.40909091,0.045454545,126.6818182,0.941263282,Lok Sabha
180124,Mitesh Patel Bakabhai,Elected,09-06-2024,In Office,Second Term,Anand,Gujarat,Bharatiya Janata Party,Male,Upto Higher Secondary,"Diploma In Telecommunication Eng., Bangalore in 1986",60,25,0,105,0.980519481, Data corresponds to the period from 24-06-2024 to 13-08-2026.,21.54095681,0.417355372,119.7049443,0.85328087,11.40909091,0.045454545,126.6818182,0.941263282,Lok Sabha
180125,Mukeshkumar Chandrakaant Dalal,Elected,09-06-2024,In Office,First Term,Surat,Gujarat,Bharatiya Janata Party,Male,Post Graduate and above,"MBA with Finance, Veer Narmad South Gujarat University, 1995",65,28,0,203,0.993506494, Data corresponds to the period from 24-06-2024 to 13-08-2026.,21.54095681,0.417355372,119.7049443,0.85328087,11.40909091,0.045454545,126.6818182,0.941263282,Lok Sabha
180127,Parbhubhai Nagarbhai Vasava,Elected,09-06-2024,In Office,Third Term,Bardoli,Gujarat,Bharatiya Janata Party,Male,Upto Higher Secondary,SSC (Gujarat Secondary Education Board Gandhinagar) in year 1989,56,13,0,101,0.818181818, Data corresponds to the period from 24-06-2024 to 13-08-2026.,21.54095681,0.417355372,119.7049443,0.85328087,11.40909091,0.045454545,126.6818182,0.941263282,Lok Sabha
180129,Poonamben Hematbhai Maadam,Elected,09-06-2024,In Office,Third Term,Jamnagar,Gujarat,Bharatiya Janata Party,Female,Graduate,"B.Com from Maharaja Sayajirao, University of Baroda in 1995",51,11,0,194,0.902597403, Data corresponds to the period from 24-06-2024 to 13-08-2026.,21.54095681,0.417355372,119.7049443,0.85328087,11.40909091,0.045454545,126.6818182,0.941263282,Lok Sabha
180130,Rajpalsinh Mahendrasinh Jadav,Elected,09-06-2024,In Office,First Term,Panchmahal,Gujarat,Bharatiya Janata Party,Male,Graduate,"B.A. 2nd Year Passed from Gujarat University in 2003, 12th Passed in 2000",44,11,0,36,0.954545455, Data corresponds to the period from 24-06-2024 to 13-08-2026.,21.54095681,0.417355372,119.7049443,0.85328087,11.40909091,0.045454545,126.6818182,0.941263282,Lok Sabha
180131,Shobhanaben Mahendrasinh Baraiya,Elected,09-06-2024,In Office,First Term,Sabarkantha,Gujarat,Bharatiya Janata Party,Female,Upto Higher Secondary,12th Pass from Gujarat Secondary Education Board in 1994,53,20,0,231,0.987012987, Data corresponds to the period from 24-06-2024 to 13-08-2026.,21.54095681,0.417355372,119.7049443,0.85328087,11.40909091,0.045454545,126.6818182,0.941263282,Lok Sabha
180132,Deepender Singh Hooda,Elected,09-06-2024,In Office,Fourth Term,Rohtak,Haryana,Indian National Congress,Male,Post Graduate and above,"MBA, Kelley School of Business, Indiana University, 2003, LLB, Delhi University, 2020",48,18,0,86,0.902597403, Data corresponds to the period from 24-06-2024 to 13-08-2026.,21.54095681,0.417355372,119.7049443,0.85328087,15.71428571,NA,104.4285714,0.928571429,Lok Sabha
180133,Dharambir Singh,Elected,09-06-2024,In Office,Third Term,Bhiwani-Mahendragarh,Haryana,Bharatiya Janata Party,Male,Graduate,"BA from Vaish College, Bhiwani, Kurukshetra University, Kurukshetra, 1977",71,21,0,173,0.967532468, Data corresponds to the period from 24-06-2024 to 13-08-2026.,21.54095681,0.417355372,119.7049443,0.85328087,15.71428571,NA,104.4285714,0.928571429,Lok Sabha
180135,Jai Parkash,Elected,09-06-2024,In Office,Fourth Term,Hisar,Haryana,Indian National Congress,Male,Upto Higher Secondary,"B.A. (Part-II) from Dayal Singh College, Karnal in year 1974",71,5,0,73,0.961038961, Data corresponds to the period from 24-06-2024 to 13-08-2026.,21.54095681,0.417355372,119.7049443,0.85328087,15.71428571,NA,104.4285714,0.928571429,Lok Sabha
180138,Naveen Jindal,Elected,09-06-2024,In Office,Third Term,Kurukshetra,Haryana,Bharatiya Janata Party,Male,Post Graduate and above,"MBA from The University of Texas at Dallas, USA in year 1992",56,27,0,123,0.798701299, Data corresponds to the period from 24-06-2024 to 13-08-2026.,21.54095681,0.417355372,119.7049443,0.85328087,15.71428571,NA,104.4285714,0.928571429,Lok Sabha
180139,Satpal Brahamchari,Elected,09-06-2024,In Office,First Term,Sonipat,Haryana,Indian National Congress,Male,Other,"Shastri, Sampurnanand Sanskrit Vishwavidyalaya, Varanasi, year 1986",62,14,0,176,0.948051948, Data corresponds to the period from 24-06-2024 to 13-08-2026.,21.54095681,0.417355372,119.7049443,0.85328087,15.71428571,NA,104.4285714,0.928571429,Lok Sabha
180140,Kumari Selja,Elected,09-06-2024,In Office,Fifth Term,Sirsa,Haryana,Indian National Congress,Female,Post Graduate and above,"M.Phil. (English) from Punjab University, Chandigarh in year 1987",63,10,0,33,0.922077922, Data corresponds to the period from 24-06-2024 to 13-08-2026.,21.54095681,0.417355372,119.7049443,0.85328087,15.71428571,NA,104.4285714,0.928571429,Lok Sabha
180141,Varun Chaudhry,Elected,09-06-2024,In Office,First Term,Ambala,Haryana,Indian National Congress,Male,Graduate,"L.L.B. from Campus Law Center, University of Delhi in year 2006",46,15,0,67,1, Data corresponds to the period from 24-06-2024 to 13-08-2026.,21.54095681,0.417355372,119.7049443,0.85328087,15.71428571,NA,104.4285714,0.928571429,Lok Sabha
180142,Anurag Singh Thakur,Elected,09-06-2024,In Office,Fifth Term,Hamirpur,Himachal Pradesh,Bharatiya Janata Party,Male,Upto Higher Secondary,"BA, Doaba College, Jalandhar, Guru Nanak Dev University, Amritsar, 1994; 10th and 12th, Dayanand Model Sr. Sec. School, Jalandhar, CBSE, New Delhi, 1989 and 1991",56,36,0,182,0.915584416, Data corresponds to the period from 24-06-2024 to 13-08-2026.,21.54095681,0.417355372,119.7049443,0.85328087,24.5,NA,165.5,0.904220779,Lok Sabha
180143,Kangna Ranaut,Elected,09-06-2024,In Office,First Term,Mandi,Himachal Pradesh,Bharatiya Janata Party,Female,Upto Higher Secondary,"10+2 (Senior School Certificate Examination), DAV Model School, Sector-15A, Chandigarh, 2003",40,19,0,183,0.844155844, Data corresponds to the period from 24-06-2024 to 13-08-2026.,21.54095681,0.417355372,119.7049443,0.85328087,24.5,NA,165.5,0.904220779,Lok Sabha
180144,Rajeev Bhardwaj,Elected,09-06-2024,In Office,First Term,Kangra,Himachal Pradesh,Bharatiya Janata Party,Male,Graduate,"Bachelor of Ayurvedic Medicines and Surgery (BAMS), Rajiv Gandhi Government Post Graduate Ayurvedic College, Paprola Tehsil Baijnath Distt Kangra, Himachal Pradesh, 1990",63,15,0,121,0.967532468, Data corresponds to the period from 24-06-2024 to 13-08-2026.,21.54095681,0.417355372,119.7049443,0.85328087,24.5,NA,165.5,0.904220779,Lok Sabha
180145,Suresh Kumar Kashyap,Elected,09-06-2024,In Office,Second Term,Shimla,Himachal Pradesh,Bharatiya Janata Party,Male,Post Graduate and above,"M.Phil in Public Administration, HP University, sHIMLA, 2008; B.Ed, Jammu University, 2005; MA Tourism Management, IGNOU, New Delhi, 2004; MA Public Administration, M.D.S University, Ajmer, 2000; MA English, Kurukshetra University, 1996; PG Diploma in Public Relation and Communication Management, Bharatiya Vidya Bhawan, 1995",55,28,0,176,0.88961039, Data corresponds to the period from 24-06-2024 to 13-08-2026.,21.54095681,0.417355372,119.7049443,0.85328087,24.5,NA,165.5,0.904220779,Lok Sabha
180146,Abdul Rashid Sheikh,Elected,09-06-2024,In Office,First Term,Baramulla,Jammu And Kashmir,Independent,Male,Graduate,"BSc. Medical, Diploma (Civil Engineering), KGP Gogji Bagh, Srinagar",58,29,0,20,0.448051948, Data corresponds to the period from 24-06-2024 to 13-08-2026.,21.54095681,0.417355372,119.7049443,0.85328087,26.33333333,NA,77,0.666666667,Lok Sabha
180147,Aga Syed Ruhullah Mehdi,Elected,09-06-2024,In Office,First Term,Srinagar,Jammu and Kashmir,Jammu and Kashmir National Conference,Male,Upto Higher Secondary,B.A. IInd Year,50,21,0,16,0.928571429, Data corresponds to the period from 24-06-2024 to 13-08-2026.,21.54095681,0.417355372,119.7049443,0.85328087,21,NA,16,0.928571429,Lok Sabha
180149,Jugal Kishore,Elected,09-06-2024,In Office,Third Term,Jammu,Jammu And Kashmir,Bharatiya Janata Party,Male,Upto Higher Secondary,"Matriculation Examination from JandK State Board of School Education, Jammu in year 1981",63,33,0,199,0.902597403, Data corresponds to the period from 24-06-2024 to 13-08-2026.,21.54095681,0.417355372,119.7049443,0.85328087,26.33333333,NA,77,0.666666667,Lok Sabha
180150,Mian Altaf Ahmad,Elected,09-06-2024,In Office,First Term,Anantnag-Rajouri,Jammu And Kashmir,Jammu and Kashmir National Conference,Male,Graduate,L.L.B. from Kashmir Universithy in year 1980,69,17,0,12,0.649350649, Data corresponds to the period from 24-06-2024 to 13-08-2026.,21.54095681,0.417355372,119.7049443,0.85328087,26.33333333,NA,77,0.666666667,Lok Sabha
180153,Chandra Prakash Choudhary,Elected,09-06-2024,In Office,Second Term,Giridih,Jharkhand,AJSU Party,Male,Graduate,"B.Com. from Ramgarh College, Ramgarh, Ranchi University in year 1988",58,23,0,125,0.88961039, Data corresponds to the period from 24-06-2024 to 13-08-2026.,21.54095681,0.417355372,119.7049443,0.85328087,25.5,1,145.0833333,0.870670996,Lok Sabha
180154,Dulu Mahato,Elected,09-06-2024,In Office,First Term,Dhanbad,Jharkhand,Bharatiya Janata Party,Male,Upto Higher Secondary,"Intermediate of Arts from DAV , 12th High School, Katrasgarh, Dhanbad, Bihar, 1994",51,30,0,214,0.850649351, Data corresponds to the period from 24-06-2024 to 13-08-2026.,21.54095681,0.417355372,119.7049443,0.85328087,25.5,1,145.0833333,0.870670996,Lok Sabha
180155,Joba Majhi,Elected,09-06-2024,In Office,First Term,Singhbhum,Jharkhand,Jharkhand Mukti Morcha,Female,Upto Higher Secondary,"10th Class from Ram Janki Girls High School, Jugaslai, Year 1982",62,9,0,28,0.785714286, Data corresponds to the period from 24-06-2024 to 13-08-2026.,21.54095681,0.417355372,119.7049443,0.85328087,25.5,1,145.0833333,0.870670996,Lok Sabha
180156,Kali Charan Munda,Elected,09-06-2024,In Office,First Term,Khunti,Jharkhand,Indian National Congress,Male,Upto Higher Secondary,"Inter, Ranchi University, 1982",64,23,0,4,0.824675325, Data corresponds to the period from 24-06-2024 to 13-08-2026.,21.54095681,0.417355372,119.7049443,0.85328087,25.5,1,145.0833333,0.870670996,Lok Sabha
180158,Manish Jaiswal,Elected,09-06-2024,In Office,First Term,Hazaribagh,Jharkhand,Bharatiya Janata Party,Male,Graduate,"Bachelor in Arts (History Hons) from St. Columba's College, Hazaribagh, Ranchi University (1990)",61,32,0,241,0.967532468, Data corresponds to the period from 24-06-2024 to 13-08-2026.,21.54095681,0.417355372,119.7049443,0.85328087,25.5,1,145.0833333,0.870670996,Lok Sabha
180159,Nalin Soren,Elected,09-06-2024,In Office,First Term,Dumka,Jharkhand,Jharkhand Mukti Morcha,Male,Upto Higher Secondary,"BSc Part-I, Sahibganj College, Bhagalpur University, 1969",78,5,0,130,0.461038961, Data corresponds to the period from 24-06-2024 to 13-08-2026.,21.54095681,0.417355372,119.7049443,0.85328087,25.5,1,145.0833333,0.870670996,Lok Sabha
180162,Sukhdeo Bhagat,Elected,09-06-2024,In Office,First Term,Lohardaga,Jharkhand,Indian National Congress,Male,Post Graduate and above,M.A. from University of Delhi,65,12,0,67,0.902597403, Data corresponds to the period from 24-06-2024 to 13-08-2026.,21.54095681,0.417355372,119.7049443,0.85328087,25.5,1,145.0833333,0.870670996,Lok Sabha
180187,Shreyas M Patel,Elected,09-06-2024,In Office,First Term,Hassan,Karnataka,Indian National Congress,Male,Graduate,"B.B.M. from Mahajana First Grade College, Mysuru, 2012 Batch",35,20,0,31,0.798701299, Data corresponds to the period from 24-06-2024 to 13-08-2026.,21.54095681,0.417355372,119.7049443,0.85328087,11.70833333,0.083333333,96.08333333,0.802489177,Lok Sabha
180163,Vijay Kumar Hansdak,Elected,09-06-2024,In Office,Third Term,Rajmahal,Jharkhand,Jharkhand Mukti Morcha,Male,Upto Higher Secondary,"Matric Examination, Saint Xavier's School, Sahibganj, ICSE, 2001",43,12,0,47,0.850649351, Data corresponds to the period from 24-06-2024 to 13-08-2026.,21.54095681,0.417355372,119.7049443,0.85328087,25.5,1,145.0833333,0.870670996,Lok Sabha
180165,B Y Raghavendra,Elected,09-06-2024,In Office,Third Term,Shimoga,Karnataka,Bharatiya Janata Party,Male,Graduate,BBM from Kuvempu University in 1994,52,7,0,88,0.753246753, Data corresponds to the period from 24-06-2024 to 13-08-2026.,21.54095681,0.417355372,119.7049443,0.85328087,11.70833333,0.083333333,96.08333333,0.802489177,Lok Sabha
180166,Basavaraj Bommai,Elected,09-06-2024,In Office,First Term,Haveri,Karnataka,Bharatiya Janata Party,Male,Graduate,"Bachelor of Engineering in Mechanical from BVB Engineering College, Hubli in 1977-1982",66,3,0,136,0.798701299, Data corresponds to the period from 24-06-2024 to 13-08-2026.,21.54095681,0.417355372,119.7049443,0.85328087,11.70833333,0.083333333,96.08333333,0.802489177,Lok Sabha
180167,Brijesh Chowta,Elected,09-06-2024,In Office,First Term,Dakshina Kannada,Karnataka,Bharatiya Janata Party,Male,Graduate,"B.Sc. from St. Aloysius College, Mangalore University in year 2002",44,37,0,214,0.961038961, Data corresponds to the period from 24-06-2024 to 13-08-2026.,21.54095681,0.417355372,119.7049443,0.85328087,11.70833333,0.083333333,96.08333333,0.802489177,Lok Sabha
180168,C N Manjunath,Elected,09-06-2024,In Office,First Term,Bangalore Rural,Karnataka,Bharatiya Janata Party,Male,Post Graduate and above,M.D. (Cardiology) from Kasturba Medical College of Mangalore in year 1988,69,13,0,25,0.915584416, Data corresponds to the period from 24-06-2024 to 13-08-2026.,21.54095681,0.417355372,119.7049443,0.85328087,11.70833333,0.083333333,96.08333333,0.802489177,Lok Sabha
180169,E Tukaram,Elected,09-06-2024,In Office,First Term,Bellary,Karnataka,Indian National Congress,Male,Post Graduate and above,"M. Com, Gulbarga University in 1992",59,2,0,57,0.584415584, Data corresponds to the period from 24-06-2024 to 13-08-2026.,21.54095681,0.417355372,119.7049443,0.85328087,11.70833333,0.083333333,96.08333333,0.802489177,Lok Sabha
180170,G Kumar Naik,Elected,09-06-2024,In Office,First Term,Raichur,Karnataka,Indian National Congress,Male,Graduate,"Bachelor of Engineering (Civil) from University of Vishveshvaraya College of Engineering, Bengaluru in 1985",62,14,0,88,0.863636364, Data corresponds to the period from 24-06-2024 to 13-08-2026.,21.54095681,0.417355372,119.7049443,0.85328087,11.70833333,0.083333333,96.08333333,0.802489177,Lok Sabha
180171,Govind Makthappa Karjol,Elected,09-06-2024,In Office,First Term,Chitradurga,Karnataka,Bharatiya Janata Party,Male,Upto Higher Secondary,"SSLC, SS High School, Vijayapura, Year Passed: 1970-71",75,2,0,87,0.733766234, Data corresponds to the period from 24-06-2024 to 13-08-2026.,21.54095681,0.417355372,119.7049443,0.85328087,11.70833333,0.083333333,96.08333333,0.802489177,Lok Sabha
180173,Jagadish Shettar,Elected,09-06-2024,In Office,First Term,Belgaum,Karnataka,Bharatiya Janata Party,Male,Graduate,"LLB (Special) from Sakti Law Vidyalaya, Karnataka in 1980, B.Com from Karnataka University in 1977",70,3,0,45,0.850649351, Data corresponds to the period from 24-06-2024 to 13-08-2026.,21.54095681,0.417355372,119.7049443,0.85328087,11.70833333,0.083333333,96.08333333,0.802489177,Lok Sabha
180176,Kota Srinivasa Poojary,Elected,09-06-2024,In Office,First Term,Udupi Chikmagalur,Karnataka,Bharatiya Janata Party,Male,Upto Higher Secondary,"7th Standard from Shambhavi School, Giliyaru",66,19,0,228,0.863636364, Data corresponds to the period from 24-06-2024 to 13-08-2026.,21.54095681,0.417355372,119.7049443,0.85328087,11.70833333,0.083333333,96.08333333,0.802489177,Lok Sabha
180177,M Mallesh Babu,Elected,09-06-2024,In Office,First Term,Kolar,Karnataka,Janata Dal (Secular),Male,Post Graduate and above,"M.B.A. from Central College, Bangalore, Bangalore University in year 1997",52,14,0,32,0.896103896, Data corresponds to the period from 24-06-2024 to 13-08-2026.,21.54095681,0.417355372,119.7049443,0.85328087,11.70833333,0.083333333,96.08333333,0.802489177,Lok Sabha
180178,P C Mohan,Elected,09-06-2024,In Office,Fourth Term,Bangalore Central,Karnataka,Bharatiya Janata Party,Male,Upto Higher Secondary,"Second year Pre-University Course from Vijaya College, Jayanagar, Bengaluru in year 1981",63,8,0,228,0.948051948, Data corresponds to the period from 24-06-2024 to 13-08-2026.,21.54095681,0.417355372,119.7049443,0.85328087,11.70833333,0.083333333,96.08333333,0.802489177,Lok Sabha
180179,Gaddigoudar Parvatagouda Chandanagouda,Elected,09-06-2024,In Office,Fifth Term,Bagalkot,Karnataka,Bharatiya Janata Party,Male,Graduate,"LLB from Raja Lakhamagouda Law College, Belgaum in 1975, B.A. from Basaveshwara Kala University Bagalkot in 1972",75,1,0,16,0.863636364, Data corresponds to the period from 24-06-2024 to 13-08-2026.,21.54095681,0.417355372,119.7049443,0.85328087,11.70833333,0.083333333,96.08333333,0.802489177,Lok Sabha
180180,Prabha Mallikarjun,Elected,09-06-2024,In Office,First Term,Davangere,Karnataka,Indian National Congress,Female,Graduate,BDS from Kuvempu University in 1998,50,27,0,106,0.811688312, Data corresponds to the period from 24-06-2024 to 13-08-2026.,21.54095681,0.417355372,119.7049443,0.85328087,11.70833333,0.083333333,96.08333333,0.802489177,Lok Sabha
180182,Priyanka Satish Jarkiholi,Elected,09-06-2024,In Office,First Term,Chikkodi,Karnataka,Indian National Congress,Female,Post Graduate and above,"MBA from Visvesvaraya Technological University, Belagavi, Karnataka in year 2021",29,2,0,4,0.603896104, Data corresponds to the period from 24-06-2024 to 13-08-2026.,21.54095681,0.417355372,119.7049443,0.85328087,11.70833333,0.083333333,96.08333333,0.802489177,Lok Sabha
180183,Radhakrishna,Elected,09-06-2024,In Office,First Term,Gulbarga,Karnataka,Indian National Congress,Male,Upto Higher Secondary,"SSLC From St. Aloysius High School, Bangalore in 1978",65,3,0,49,0.512987013, Data corresponds to the period from 24-06-2024 to 13-08-2026.,21.54095681,0.417355372,119.7049443,0.85328087,11.70833333,0.083333333,96.08333333,0.802489177,Lok Sabha
180184,Ramesh Chandappa Jigajinagi,Elected,09-06-2024,In Office,Seventh Term,Bijapur,Karnataka,Bharatiya Janata Party,Male,Graduate,B.A. Passed from Vijayapur Karnataka University Dharwad in 1974,74,1,0,5,0.909090909, Data corresponds to the period from 24-06-2024 to 13-08-2026.,21.54095681,0.417355372,119.7049443,0.85328087,11.70833333,0.083333333,96.08333333,0.802489177,Lok Sabha
180185,Sagar Eshwar Khandre,Elected,09-06-2024,In Office,First Term,Bidar,Karnataka,Indian National Congress,Male,Graduate,"B.B.A. LL.B. (Honours) CHRIST (Deemed to be University), Bangalore 2021",28,7,0,15,0.831168831, Data corresponds to the period from 24-06-2024 to 13-08-2026.,21.54095681,0.417355372,119.7049443,0.85328087,11.70833333,0.083333333,96.08333333,0.802489177,Lok Sabha
180188,Sunil Bose,Elected,09-06-2024,In Office,First Term,Chamarajanagar,Karnataka,Indian National Congress,Male,Upto Higher Secondary,"Second Year, P.U.E., Dept. of Pre-University Education, Govt. of Karnataka in year 2000",44,2,0,46,0.61038961, Data corresponds to the period from 24-06-2024 to 13-08-2026.,21.54095681,0.417355372,119.7049443,0.85328087,11.70833333,0.083333333,96.08333333,0.802489177,Lok Sabha
180189,Tejasvi Surya,Elected,09-06-2024,In Office,Second Term,Bangalore South,Karnataka,Bharatiya Janata Party,Male,Graduate,"B.A.L.L.B. from Bangalore Institute of Legal Studies, Bengaluru in year 2013",35,28,0,214,0.792207792, Data corresponds to the period from 24-06-2024 to 13-08-2026.,21.54095681,0.417355372,119.7049443,0.85328087,11.70833333,0.083333333,96.08333333,0.802489177,Lok Sabha
180191,Vishweshwar Hegde Kageri,Elected,09-06-2024,In Office,First Term,Uttara Kannada,Karnataka,Bharatiya Janata Party,Male,Graduate,B.Com from Karnataka University in 1981-82,65,13,0,245,0.948051948, Data corresponds to the period from 24-06-2024 to 13-08-2026.,21.54095681,0.417355372,119.7049443,0.85328087,11.70833333,0.083333333,96.08333333,0.802489177,Lok Sabha
180192,Yaduveer Wadiyar,Elected,09-06-2024,In Office,First Term,Mysore,Karnataka,Bharatiya Janata Party,Male,Graduate,"B.A. (Double Major in Economics and English) from University of Amherst, Massachusetts, USA in year 2015",34,17,0,123,0.831168831, Data corresponds to the period from 24-06-2024 to 13-08-2026.,21.54095681,0.417355372,119.7049443,0.85328087,11.70833333,0.083333333,96.08333333,0.802489177,Lok Sabha
180193,Adoor Prakash,Elected,09-06-2024,In Office,Second Term,Attingal,Kerala,Indian National Congress,Male,Graduate,LLB from Kerala University in year 1982,71,31,0,194,0.805194805, Data corresponds to the period from 24-06-2024 to 13-08-2026.,21.54095681,0.417355372,119.7049443,0.85328087,34.52046784,1.371345029,140.9736842,0.809125085,Lok Sabha
180194,Anto Antony,Elected,09-06-2024,In Office,Fourth Term,Pathanamthitta,Kerala,Indian National Congress,Male,Graduate,B.A. from Kerala University in year 1978,69,29,0,194,0.779220779, Data corresponds to the period from 24-06-2024 to 13-08-2026.,21.54095681,0.417355372,119.7049443,0.85328087,34.52046784,1.371345029,140.9736842,0.809125085,Lok Sabha
180199,K. Francis George,Elected,09-06-2024,In Office,Third Term,Kottayam,Kerala,Kerala Congress,Male,Graduate,L.L.B. from Keral University in year 1978,71,36,0,58,0.785714286, Data corresponds to the period from 24-06-2024 to 13-08-2026.,21.54095681,0.417355372,119.7049443,0.85328087,34.52046784,1.371345029,140.9736842,0.809125085,Lok Sabha
180200,K C Venugopal,Elected,09-06-2024,In Office,Third Term,Alappuzha,Kerala,Indian National Congress,Male,Post Graduate and above,"M.Sc. from Payyannur College, Payyannur (Calicut University) Kerala in year 1986",63,44,0,153,0.831168831, Data corresponds to the period from 24-06-2024 to 13-08-2026.,21.54095681,0.417355372,119.7049443,0.85328087,34.52046784,1.371345029,140.9736842,0.809125085,Lok Sabha
180201,K Radhakrishnan,Elected,09-06-2024,In Office,First Term,Alathur,Kerala,Communist Party Of India (Marxist),Male,Graduate,B.A. (Economics) from Kerala Varma College in year 1985-88,63,20,0,143,0.811688312, Data corresponds to the period from 24-06-2024 to 13-08-2026.,21.54095681,0.417355372,119.7049443,0.85328087,34.52046784,1.371345029,140.9736842,0.809125085,Lok Sabha
180202,K Sudhakaran,Elected,09-06-2024,In Office,Third Term,Kannur,Kerala,Indian National Congress,Male,Post Graduate and above,"M.A. (History) from Govt. Brennen College, Thalassery, Calicut University in year 1971-73",78,8,0,150,0.577922078, Data corresponds to the period from 24-06-2024 to 13-08-2026.,21.54095681,0.417355372,119.7049443,0.85328087,34.52046784,1.371345029,140.9736842,0.809125085,Lok Sabha
180204,M P Abdussamad Samadani,Elected,09-06-2024,In Office,Second Term,Ponnani,Kerala,Indian Union Muslim League,Male,Post Graduate and above,Ph.D. from J.N.U. New Delhi in year 2021,67,22,0,129,0.798701299, Data corresponds to the period from 24-06-2024 to 13-08-2026.,21.54095681,0.417355372,119.7049443,0.85328087,34.52046784,1.371345029,140.9736842,0.809125085,Lok Sabha
180544,Priyanka Gandhi Vadra,Elected,28-11-2024,In Office,First Term,Wayanad,Kerala,Indian National Congress,Female,Post Graduate,"Post Graduate Diploma in Buddhist Studies University of Sunderland, UK",54,11,0,47,0.840909091, Data corresponds to the period from 24-06-2024 to 13-08-2026.,17.45602317,0.283057851,106.501702,0.85328087,27.63157895,0.315789474,115.4736842,0.809125085,Lok Sabha
180207,Rajmohan Unnithan,Elected,09-06-2024,In Office,Second Term,Kasaragod,Kerala,Indian National Congress,Male,Graduate,"B.A. (Economics) from Sree Narayana College, Kollam, University of Kerala in year 1976",73,26,0,126,0.798701299, Data corresponds to the period from 24-06-2024 to 13-08-2026.,21.54095681,0.417355372,119.7049443,0.85328087,34.52046784,1.371345029,140.9736842,0.809125085,Lok Sabha
180211,Kodikunnil Suresh,Elected,09-06-2024,In Office,Eighth Term,Mavelikkara,Kerala,Indian National Congress,Male,Graduate,"LLB from Govt. Law College, Thiruvananthapuram, University of Kerala in year 1989",64,52,0,156,0.824675325, Data corresponds to the period from 24-06-2024 to 13-08-2026.,21.54095681,0.417355372,119.7049443,0.85328087,34.52046784,1.371345029,140.9736842,0.809125085,Lok Sabha
180215,Alok Sharma,Elected,09-06-2024,In Office,First Term,Bhopal,Madhya Pradesh,Bharatiya Janata Party,Male,Graduate,"B.Com. from Bhopal University, Bhopal in year 1987",58,12,0,245,0.87012987, Data corresponds to the period from 24-06-2024 to 13-08-2026.,21.54095681,0.417355372,119.7049443,0.85328087,18.375,0.291666667,135.5416667,0.919642857,Lok Sabha
180216,Anil Firojiya,Elected,09-06-2024,In Office,Second Term,Ujjain,Madhya Pradesh,Bharatiya Janata Party,Male,Upto Higher Secondary,"12th from Lokmanya Tilak H.S School, Ujjain, 1990",55,11,0,139,0.883116883, Data corresponds to the period from 24-06-2024 to 13-08-2026.,21.54095681,0.417355372,119.7049443,0.85328087,18.375,0.291666667,135.5416667,0.919642857,Lok Sabha
180217,Anita Nagarsingh Chouhan,Elected,09-06-2024,In Office,First Term,Ratlam,Madhya Pradesh,Bharatiya Janata Party,Female,Post Graduate and above,"L.L.M. from Indore Institute of Law, Devi Ahilya Vishwavidyalaya, Indore, 2019, PhD (pursuing) SAGE University, Indore",41,23,0,91,0.824675325, Data corresponds to the period from 24-06-2024 to 13-08-2026.,21.54095681,0.417355372,119.7049443,0.85328087,18.375,0.291666667,135.5416667,0.919642857,Lok Sabha
180238,Shankar Lalwani,Elected,09-06-2024,In Office,Second Term,Indore,Madhya Pradesh,Bharatiya Janata Party,Male,Graduate,"B.Tech, University of Bombay, 1984",64,19,0,175,1, Data corresponds to the period from 24-06-2024 to 13-08-2026.,21.54095681,0.417355372,119.7049443,0.85328087,18.375,0.291666667,135.5416667,0.919642857,Lok Sabha
180218,Ashish Dubey,Elected,09-06-2024,In Office,First Term,Jabalpur,Madhya Pradesh,Bharatiya Janata Party,Male,Graduate,Bachelor of Law and Legislature - (N.E.S. Vidhi Mahavidyalaya / Rani Durgavati University Jabalpur)   Year 2001-02,55,23,0,87,0.967532468, Data corresponds to the period from 24-06-2024 to 13-08-2026.,21.54095681,0.417355372,119.7049443,0.85328087,18.375,0.291666667,135.5416667,0.919642857,Lok Sabha
180219,Bharat Singh Kushwah,Elected,09-06-2024,In Office,First Term,Gwalior,Madhya Pradesh,Bharatiya Janata Party,Male,Upto Higher Secondary,"Higher Secondary from Madhya Pradesh Education Board, Bhopal in year 1990",55,8,0,52,0.863636364, Data corresponds to the period from 24-06-2024 to 13-08-2026.,21.54095681,0.417355372,119.7049443,0.85328087,18.375,0.291666667,135.5416667,0.919642857,Lok Sabha
180221,Bunty Vivek Sahu,Elected,09-06-2024,In Office,First Term,Chhindwara,Madhya Pradesh,Bharatiya Janata Party,Male,Upto Higher Secondary,"B.Com. Part (I) from P.G. Collge, Chhindwara in Year 1997-98",47,8,0,94,0.792207792, Data corresponds to the period from 24-06-2024 to 13-08-2026.,21.54095681,0.417355372,119.7049443,0.85328087,18.375,0.291666667,135.5416667,0.919642857,Lok Sabha
180223,Rajesh Mishra,Elected,09-06-2024,In Office,First Term,Sidhi,Madhya Pradesh,Bharatiya Janata Party,Male,Post Graduate and above,"M.A. (Pol. Sc.) from IGNOU, New Delhi in year 2022",68,31,0,238,0.993506494, Data corresponds to the period from 24-06-2024 to 13-08-2026.,21.54095681,0.417355372,119.7049443,0.85328087,18.375,0.291666667,135.5416667,0.919642857,Lok Sabha
180225,Faggan Singh Kulaste,Elected,09-06-2024,In Office,Seventh Term,Mandla,Madhya Pradesh,Bharatiya Janata Party,Male,Post Graduate and above,"M.A. from Harisingh Gour University, Sagar, M.P in year 1982",67,5,0,23,0.883116883, Data corresponds to the period from 24-06-2024 to 13-08-2026.,21.54095681,0.417355372,119.7049443,0.85328087,18.375,0.291666667,135.5416667,0.919642857,Lok Sabha
180226,Gajendra Singh Patel,Elected,09-06-2024,In Office,Second Term,Khargone,Madhya Pradesh,Bharatiya Janata Party,Male,Graduate,"L.L.B. from Devi Ahilya Vishwavidyalaya, Christian College Indore, 2008",51,13,0,81,0.967532468, Data corresponds to the period from 24-06-2024 to 13-08-2026.,21.54095681,0.417355372,119.7049443,0.85328087,18.375,0.291666667,135.5416667,0.919642857,Lok Sabha
180228,Gyaneshwar Patil,Elected,09-06-2024,In Office,Second Term,Khandwa,Madhya Pradesh,Bharatiya Janata Party,Male,Upto Higher Secondary,"BCom second year, IGNOU",57,15,0,244,0.922077922, Data corresponds to the period from 24-06-2024 to 13-08-2026.,21.54095681,0.417355372,119.7049443,0.85328087,18.375,0.291666667,135.5416667,0.919642857,Lok Sabha
180229,Himadri Singh,Elected,09-06-2024,In Office,Second Term,Shahdol,Madhya Pradesh,Bharatiya Janata Party,Female,Graduate,"B.A. from Monad University, Hapur, U.P. in year 2012",38,7,0,172,0.967532468, Data corresponds to the period from 24-06-2024 to 13-08-2026.,21.54095681,0.417355372,119.7049443,0.85328087,18.375,0.291666667,135.5416667,0.919642857,Lok Sabha
180230,Janardan Mishra,Elected,09-06-2024,In Office,Third Term,Rewa,Madhya Pradesh,Bharatiya Janata Party,Male,Graduate,"LLB from Awadhesh Pratap Singh University, Rewa in year 1984-85",70,18,0,194,1, Data corresponds to the period from 24-06-2024 to 13-08-2026.,21.54095681,0.417355372,119.7049443,0.85328087,18.375,0.291666667,135.5416667,0.919642857,Lok Sabha
180232,Lata Wankhede,Elected,09-06-2024,In Office,First Term,Sagar,Madhya Pradesh,Bharatiya Janata Party,Female,Post Graduate and above,"Ph.D. from Swami Vivekanand University, Sagar in year 2021",56,23,0,128,0.88961039, Data corresponds to the period from 24-06-2024 to 13-08-2026.,21.54095681,0.417355372,119.7049443,0.85328087,18.375,0.291666667,135.5416667,0.919642857,Lok Sabha
180234,Rahul Singh Lodhi,Elected,09-06-2024,In Office,First Term,Damoh,Madhya Pradesh,Bharatiya Janata Party,Male,Upto Higher Secondary,12th Passed from C.B.S.E. in year 2001,42,7,0,96,0.948051948, Data corresponds to the period from 24-06-2024 to 13-08-2026.,21.54095681,0.417355372,119.7049443,0.85328087,18.375,0.291666667,135.5416667,0.919642857,Lok Sabha
180235,Rodmal Nagar,Elected,09-06-2024,In Office,Third Term,Rajgarh,Madhya Pradesh,Bharatiya Janata Party,Male,Graduate,Graduated from Vikram University in year 1983-84,65,27,0,51,0.935064935, Data corresponds to the period from 24-06-2024 to 13-08-2026.,21.54095681,0.417355372,119.7049443,0.85328087,18.375,0.291666667,135.5416667,0.919642857,Lok Sabha
180236,Sandhya Ray,Elected,09-06-2024,In Office,Second Term,Bhind,Madhya Pradesh,Bharatiya Janata Party,Female,Post Graduate and above,"LLB from Barkatulla University Bhopal in 2007 and MA from Jiwaji University, Gwalior in 2001",52,11,0,69,0.954545455, Data corresponds to the period from 24-06-2024 to 13-08-2026.,21.54095681,0.417355372,119.7049443,0.85328087,18.375,0.291666667,135.5416667,0.919642857,Lok Sabha
180239,Shivmangal Singh Tomar,Elected,09-06-2024,In Office,First Term,Morena,Madhya Pradesh,Bharatiya Janata Party,Male,Graduate,"L.L.B. from Govt. P.G. College, Morena, Madhya Pradesh in year 1990",66,1,0,45,0.824675325, Data corresponds to the period from 24-06-2024 to 13-08-2026.,21.54095681,0.417355372,119.7049443,0.85328087,18.375,0.291666667,135.5416667,0.919642857,Lok Sabha
180241,Sudheer Gupta,Elected,09-06-2024,In Office,Third Term,Mandsour,Madhya Pradesh,Bharatiya Janata Party,Male,Post Graduate and above,"M.Com from Vikram University, Ujjain, 1981",67,41,0,252,0.941558442, Data corresponds to the period from 24-06-2024 to 13-08-2026.,21.54095681,0.417355372,119.7049443,0.85328087,18.375,0.291666667,135.5416667,0.919642857,Lok Sabha
180243,Vishnu Datt Sharma,Elected,09-06-2024,In Office,Second Term,Khajuraho,Madhya Pradesh,Bharatiya Janata Party,Male,Post Graduate and above,"M.Sc. (Agriculture), Drishi Mahavidhyalay, Gwalior (JNU Krishi Vishwavidhyalay, Jabalpur)",55,9,0,151,0.798701299, Data corresponds to the period from 24-06-2024 to 13-08-2026.,21.54095681,0.417355372,119.7049443,0.85328087,18.375,0.291666667,135.5416667,0.919642857,Lok Sabha
180246,Amar Sharadrao Kale,Elected,09-06-2024,In Office,First Term,Wardha,Maharashtra,Nationalist Congress Party Sharadchandra Pawar,Male,Upto Higher Secondary,B.A. (Part-II) from Nagpur University,53,10,0,136,0.857142857, Data corresponds to the period from 24-06-2024 to 13-08-2026.,21.54095681,0.417355372,119.7049443,0.85328087,31.9772979,0.88372093,181.1135105,0.844278827,Lok Sabha
180247,Amol Ramsing Kolhe,Elected,09-06-2024,In Office,Second Term,Shirur,Maharashtra,Nationalist Congress Party Sharadchandra Pawar,Male,Graduate,"M.B.B.S. from Seth G.S. Medical College, Parel, Mumbai in year 2002",45,18,0,247,0.733766234, Data corresponds to the period from 24-06-2024 to 13-08-2026.,21.54095681,0.417355372,119.7049443,0.85328087,31.9772979,0.88372093,181.1135105,0.844278827,Lok Sabha
180248,Anil Yeshwant Desai,Elected,09-06-2024,In Office,First Term,Mumbai South Central,Maharashtra,Shiv Sena (Uddhav Balasaheb Thackeray),Male,Graduate,"B.Com. from Lala Lajpat Rai College of Commerce and Economics, Mahalaxmi, Mumbai University in year 1977 & L.L.B. from Mumbai University in year 1982",69,25,0,129,0.967532468, Data corresponds to the period from 24-06-2024 to 13-08-2026.,21.54095681,0.417355372,119.7049443,0.85328087,31.9772979,0.88372093,181.1135105,0.844278827,Lok Sabha
180252,Bajrang Manohar Sonwane,Elected,09-06-2024,In Office,First Term,Beed,Maharashtra,Nationalist Congress Party Sharadchandra Pawar,Male,Graduate,"B.A. from Dr. Babasaheb Ambedkar Marathwada University, Aurangabad in year 2014",56,43,0,185,0.876623377, Data corresponds to the period from 24-06-2024 to 13-08-2026.,21.54095681,0.417355372,119.7049443,0.85328087,31.9772979,0.88372093,181.1135105,0.844278827,Lok Sabha
180254,Bhaskar Murlidhar Bhagare,Elected,09-06-2024,In Office,First Term,Dindori,Maharashtra,Nationalist Congress Party Sharadchandra Pawar,Male,Post Graduate and above,"M.A. from K.T.H.M. College, Nashik, Pune University in year 1995",55,40,0,230,0.967532468, Data corresponds to the period from 24-06-2024 to 13-08-2026.,21.54095681,0.417355372,119.7049443,0.85328087,31.9772979,0.88372093,181.1135105,0.844278827,Lok Sabha
180255,Bhausaheb Rajaram Wakchaure,Elected,09-06-2024,In Office,Second Term,Shirdi,Maharashtra,Shiv Sena (Uddhav Balasaheb Thackeray),Male,Graduate,L.L.B. from Pune University in year 1990,76,11,0,153,0.909090909, Data corresponds to the period from 24-06-2024 to 13-08-2026.,21.54095681,0.417355372,119.7049443,0.85328087,31.9772979,0.88372093,181.1135105,0.844278827,Lok Sabha
180546,Chavan Ravindra Vasantrao,Elected,28-11-2024,In Office,First Term,Nanded,Maharashtra,Indian National Congress,Male,Post Graduate,"M.Sc. (Agriculture), M.Com Junagarh Agriculture University",45,10,0,184,0.71969697, Data corresponds to the period from 24-06-2024 to 13-08-2026.,17.45602317,0.283057851,106.501702,0.85328087,27.18604651,0.674418605,157.627907,0.844278827,Lok Sabha
180258,Chhatrapati Shahu Shahaji,Elected,09-06-2024,In Office,First Term,Kolhapur,Maharashtra,Indian National Congress,Male,Graduate,"B.A. from Indore Christian College, Indore University in year 1967",78,4,0,31,0.538961039, Data corresponds to the period from 24-06-2024 to 13-08-2026.,21.54095681,0.417355372,119.7049443,0.85328087,31.9772979,0.88372093,181.1135105,0.844278827,Lok Sabha
180259,Dhairyasheel Sambhajirao Mane,Elected,09-06-2024,In Office,Second Term,Hatkanangle,Maharashtra,Shiv Sena,Male,Graduate,"B.A. from Yashvantarao Chavan Open University, Nashik in year 2016",45,23,0,239,0.772727273, Data corresponds to the period from 24-06-2024 to 13-08-2026.,21.54095681,0.417355372,119.7049443,0.85328087,31.9772979,0.88372093,181.1135105,0.844278827,Lok Sabha
180260,Dhanorkar Pratibha Suresh,Elected,09-06-2024,In Office,First Term,Chandrapur,Maharashtra,Indian National Congress,Female,Upto Higher Secondary,12th Passed,40,24,0,65,0.922077922, Data corresponds to the period from 24-06-2024 to 13-08-2026.,21.54095681,0.417355372,119.7049443,0.85328087,31.9772979,0.88372093,181.1135105,0.844278827,Lok Sabha
180261,Shivaji Bandappa Kalge,Elected,09-06-2024,In Office,First Term,Latur,Maharashtra,Indian National Congress,Male,Graduate,"M.B.B.S. from GMC, Aurangabad Marathwada University in year 1987-91",57,28,0,225,0.922077922, Data corresponds to the period from 24-06-2024 to 13-08-2026.,21.54095681,0.417355372,119.7049443,0.85328087,31.9772979,0.88372093,181.1135105,0.844278827,Lok Sabha
180263,Gaikwad Varsha Eknath,Elected,09-06-2024,In Office,First Term,Mumbai North Central,Maharashtra,Indian National Congress,Female,Graduate,"B.Sc from Jhunjhunwala College, ghatkopar, Mumbai in year 1998",51,49,0,257,0.961038961, Data corresponds to the period from 24-06-2024 to 13-08-2026.,21.54095681,0.417355372,119.7049443,0.85328087,31.9772979,0.88372093,181.1135105,0.844278827,Lok Sabha
180266,Kalyan Vaijinathrao Kale,Elected,09-06-2024,In Office,First Term,Jalna,Maharashtra,Indian National Congress,Male,Upto Higher Secondary,"D.H.M.S. Bhagwan Homeopathic College, Aurangabad, 1985",63,8,0,75,0.857142857, Data corresponds to the period from 24-06-2024 to 13-08-2026.,21.54095681,0.417355372,119.7049443,0.85328087,31.9772979,0.88372093,181.1135105,0.844278827,Lok Sabha
180267,Mohite Patil Dhairyasheel Rajsinh,Elected,09-06-2024,In Office,First Term,Madha,Maharashtra,Nationalist Congress Party Sharadchandra Pawar,Male,Post Graduate and above,"M.B.A. from Yashwantrao Chavan Maharashtra Open University, Nashik in year 2021",49,16,0,242,0.857142857, Data corresponds to the period from 24-06-2024 to 13-08-2026.,21.54095681,0.417355372,119.7049443,0.85328087,31.9772979,0.88372093,181.1135105,0.844278827,Lok Sabha
180269,Namdeo Kirsan,Elected,09-06-2024,In Office,First Term,Gadchiroli-Chimur,Maharashtra,Indian National Congress,Male,Post Graduate and above,"PhD (Gandhian Thought), RTM Nagpur University, Nagpur",68,29,0,175,0.688311688, Data corresponds to the period from 24-06-2024 to 13-08-2026.,21.54095681,0.417355372,119.7049443,0.85328087,31.9772979,0.88372093,181.1135105,0.844278827,Lok Sabha
180271,Naresh Ganpat Mhaske,Elected,09-06-2024,In Office,First Term,Thane,Maharashtra,Shiv Sena,Male,Upto Higher Secondary,"Higher Secondary Certificate passed Maharashtra State Board Dyanansadhna College, 1987",56,50,0,264,0.967532468, Data corresponds to the period from 24-06-2024 to 13-08-2026.,21.54095681,0.417355372,119.7049443,0.85328087,31.9772979,0.88372093,181.1135105,0.844278827,Lok Sabha
180272,Nilesh Dnyandev Lanke,Elected,09-06-2024,In Office,First Term,Ahmednagar,Maharashtra,Nationalist Congress Party Sharadchandra Pawar,Male,Graduate,"B.A. (Pol. Sc.) from Yashwantrao Chavan Maharashtra Open University, Nashik, Maharashtra in year 2016",46,41,0,265,0.805194805, Data corresponds to the period from 24-06-2024 to 13-08-2026.,21.54095681,0.417355372,119.7049443,0.85328087,31.9772979,0.88372093,181.1135105,0.844278827,Lok Sabha
180275,Rajabhau Parag Prakash Waje,Elected,09-06-2024,In Office,First Term,Nashik,Maharashtra,Shiv Sena (Uddhav Balasaheb Thackeray),Male,Graduate,B.Com. from Pune University in year 1986,60,36,0,80,0.941558442, Data corresponds to the period from 24-06-2024 to 13-08-2026.,21.54095681,0.417355372,119.7049443,0.85328087,31.9772979,0.88372093,181.1135105,0.844278827,Lok Sabha
180280,Sanjay Dina Patil,Elected,09-06-2024,In Office,Second Term,Mumbai North East,Maharashtra,Shiv Sena (Uddhav Balasaheb Thackeray),Male,Graduate,B.Com. from Mumbai Vidyapeeth in year 1992,57,17,0,230,0.831168831, Data corresponds to the period from 24-06-2024 to 13-08-2026.,21.54095681,0.417355372,119.7049443,0.85328087,31.9772979,0.88372093,181.1135105,0.844278827,Lok Sabha
180281,Sanjay Haribhau Jadhav,Elected,09-06-2024,In Office,Third Term,Parbhani,Maharashtra,Shiv Sena (Uddhav Balasaheb Thackeray),Male,Upto Higher Secondary,12th Failed,59,12,0,237,0.675324675, Data corresponds to the period from 24-06-2024 to 13-08-2026.,21.54095681,0.417355372,119.7049443,0.85328087,31.9772979,0.88372093,181.1135105,0.844278827,Lok Sabha
180282,Sanjay Uttamrao Deshmukh,Elected,09-06-2024,In Office,First Term,Yavatmal-Washim,Maharashtra,Shiv Sena (Uddhav Balasaheb Thackeray),Male,Graduate,B.Com from B.B Arts N.B Commerce and B.P Science College,58,25,0,170,0.857142857, Data corresponds to the period from 24-06-2024 to 13-08-2026.,21.54095681,0.417355372,119.7049443,0.85328087,31.9772979,0.88372093,181.1135105,0.844278827,Lok Sabha
180286,Shyamkumar Daulat Barve,Elected,09-06-2024,In Office,First Term,Ramtek,Maharashtra,Indian National Congress,Male,Upto Higher Secondary,"BA Second Year Pass (2022), Yashwantrao Chavan Maharashtra Open University, Nashik",47,22,0,122,0.941558442, Data corresponds to the period from 24-06-2024 to 13-08-2026.,21.54095681,0.417355372,119.7049443,0.85328087,31.9772979,0.88372093,181.1135105,0.844278827,Lok Sabha
180289,Balya Mama Suresh Gopinath Mhatre,Elected,09-06-2024,In Office,First Term,Bhiwandi,Maharashtra,Nationalist Congress Party Sharadchandra Pawar,Male,Upto Higher Secondary,"H.S.C. from B.N.N. College, Bhiwandi, Mumbai in year 1989",56,11,0,153,0.655844156, Data corresponds to the period from 24-06-2024 to 13-08-2026.,21.54095681,0.417355372,119.7049443,0.85328087,31.9772979,0.88372093,181.1135105,0.844278827,Lok Sabha
180290,Tatkare Sunil Dattatrey,Elected,09-06-2024,In Office,Second Term,Raigad,Maharashtra,Nationalist Congress Party,Male,Graduate,"Post Graduate Diploma from J.S.M. College, Alibag, Raigad, Pune in year 1974-75",71,14,0,104,0.649350649, Data corresponds to the period from 24-06-2024 to 13-08-2026.,21.54095681,0.417355372,119.7049443,0.85328087,31.9772979,0.88372093,181.1135105,0.844278827,Lok Sabha
180293,Angomcha Bimol Akoijam,Elected,09-06-2024,In Office,First Term,Inner Manipur,Manipur,Indian National Congress,Male,Post Graduate and above,Ph.D. from University of Delhi in year 2001,59,16,0,61,0.818181818, Data corresponds to the period from 24-06-2024 to 13-08-2026.,21.54095681,0.417355372,119.7049443,0.85328087,10,NA,30.5,0.75974026,Lok Sabha
180295,Saleng A Sangma,Elected,09-06-2024,In Office,First Term,Tura,Meghalaya,Indian National Congress,Male,Post Graduate and above,P.G. (Peace Study from Martin Luther University in year 2009,48,11,0,14,0.928571429, Data corresponds to the period from 24-06-2024 to 13-08-2026.,21.54095681,0.417355372,119.7049443,0.85328087,10,NA,16.5,0.782804233,Lok Sabha
180296,Richard Vanlalhmangaiha,Elected,09-06-2024,In Office,First Term,Mizoram,Mizoram,Zoram People's Movement,Male,Graduate,"B.Com. from Hrangbana College, Aizawl, Mizoram, (NEHU) in year 2000",48,4,0,17,0.987012987, Data corresponds to the period from 24-06-2024 to 13-08-2026.,21.54095681,0.417355372,119.7049443,0.85328087,4,NA,17,0.987012987,Lok Sabha
180297,S Supongmeren Jamir,Elected,09-06-2024,In Office,First Term,Nagaland,Nagaland,Indian National Congress,Male,Graduate,"L.L.B. from Mokokchung Law College, North Eastern Hill University in year 1993",63,27,0,7,0.928571429, Data corresponds to the period from 24-06-2024 to 13-08-2026.,21.54095681,0.417355372,119.7049443,0.85328087,27,NA,7,0.928571429,Lok Sabha
180298,Ananta Nayak,Elected,09-06-2024,In Office,Third Term,Keonjhar,Odisha,Bharatiya Janata Party,Male,Upto Higher Secondary,"Diploma in Mechanical Engineering from Bose, Cuttack in the 1991",57,20,0,123,0.902597403, Data corresponds to the period from 24-06-2024 to 13-08-2026.,21.54095681,0.417355372,119.7049443,0.85328087,25.46842105,0.315789474,139.1868421,0.836688312,Lok Sabha
180299,Anita Subhadarshini,Elected,09-06-2024,In Office,First Term,Aska,Odisha,Bharatiya Janata Party,Female,Post Graduate and above,P.G. (Pol. Sc.) from Utkal University in year 1994,53,32,0,33,0.909090909, Data corresponds to the period from 24-06-2024 to 13-08-2026.,21.54095681,0.417355372,119.7049443,0.85328087,25.46842105,0.315789474,139.1868421,0.836688312,Lok Sabha
180300,Aparajita Sarangi,Elected,09-06-2024,In Office,Second Term,Bhubaneswar,Odisha,Bharatiya Janata Party,Female,Graduate,"B.A. (English) from Bhagalpur University, Bihar 1990",56,12,0,185,0.857142857, Data corresponds to the period from 24-06-2024 to 13-08-2026.,21.54095681,0.417355372,119.7049443,0.85328087,25.46842105,0.315789474,139.1868421,0.836688312,Lok Sabha
180301,Avimanyu Sethi,Elected,09-06-2024,In Office,First Term,Bhadrak,Odisha,Bharatiya Janata Party,Male,Post Graduate and above,"MA (Post Graduate in English), Utkal University, Vanivihar, Bhubaneswar, 1992; Graduate, Bhadrak College, Bhadrak, 1990",56,9,0,94,0.967532468, Data corresponds to the period from 24-06-2024 to 13-08-2026.,21.54095681,0.417355372,119.7049443,0.85328087,25.46842105,0.315789474,139.1868421,0.836688312,Lok Sabha
180302,Baijayant Panda,Elected,09-06-2024,In Office,Third Term,Kendrapara,Odisha,Bharatiya Janata Party,Male,Graduate,"B.Tech, Michigan Technological University, Houghton, United States, 1985",62,3,0,153,0.75974026, Data corresponds to the period from 24-06-2024 to 13-08-2026.,21.54095681,0.417355372,119.7049443,0.85328087,25.46842105,0.315789474,139.1868421,0.836688312,Lok Sabha
180303,Balabhadra Majhi,Elected,09-06-2024,In Office,Second Term,Nabarangpur,Odisha,Bharatiya Janata Party,Male,Graduate,B.Sc. (Engineering) from Sambalpur University in 1985,65,16,0,220,0.87012987, Data corresponds to the period from 24-06-2024 to 13-08-2026.,21.54095681,0.417355372,119.7049443,0.85328087,25.46842105,0.315789474,139.1868421,0.836688312,Lok Sabha
180305,Bibhu Prasad Tarai,Elected,09-06-2024,In Office,Second Term,Jagatsinghpur,Odisha,Bharatiya Janata Party,Male,Post Graduate and above,"MA, Utkal University, 1989; LLB, Madhusudan Law College, Cuttack under Utkal University, 1994",62,18,0,210,0.935064935, Data corresponds to the period from 24-06-2024 to 13-08-2026.,21.54095681,0.417355372,119.7049443,0.85328087,25.46842105,0.315789474,139.1868421,0.836688312,Lok Sabha
180307,Pradeep Kumar Panigrahy,Elected,09-06-2024,In Office,First Term,Berhampur,Odisha,Bharatiya Janata Party,Male,Post Graduate and above,Ph.D from Berhampur University in 2003,63,8,0,42,0.61038961, Data corresponds to the period from 24-06-2024 to 13-08-2026.,21.54095681,0.417355372,119.7049443,0.85328087,25.46842105,0.315789474,139.1868421,0.836688312,Lok Sabha
180309,Malvika Devi,Elected,09-06-2024,In Office,First Term,Kalahandi,Odisha,Bharatiya Janata Party,Female,Graduate,"Post Graduate Diploma in Business Management from Fortune Institute of International Business, New Delhi in 2003",46,55,0,100,0.987012987, Data corresponds to the period from 24-06-2024 to 13-08-2026.,21.54095681,0.417355372,119.7049443,0.85328087,25.46842105,0.315789474,139.1868421,0.836688312,Lok Sabha
180310,Naba Charan Majhi,Elected,09-06-2024,In Office,First Term,Mayurbhanj,Odisha,Bharatiya Janata Party,Male,Graduate,"BA, Utkal University, Rairangpur College, Rairangpur",65,3,0,287,0.850649351, Data corresponds to the period from 24-06-2024 to 13-08-2026.,21.54095681,0.417355372,119.7049443,0.85328087,25.46842105,0.315789474,139.1868421,0.836688312,Lok Sabha
180311,Pradeep Purohit,Elected,09-06-2024,In Office,First Term,Bargarh,Odisha,Bharatiya Janata Party,Male,Upto Higher Secondary,"Matriculation from Paikmal High School, Paikmal, Bargarh District, Odisha in year 1982",62,31,0,171,0.987012987, Data corresponds to the period from 24-06-2024 to 13-08-2026.,21.54095681,0.417355372,119.7049443,0.85328087,25.46842105,0.315789474,139.1868421,0.836688312,Lok Sabha
180312,Pratap Chandra Sarangi,Elected,09-06-2024,In Office,Second Term,Balasore,Odisha,Bharatiya Janata Party,Male,Graduate,"BA, Fakirmohan College under Utkal University, 1975",71,13,0,170,0.818181818, Data corresponds to the period from 24-06-2024 to 13-08-2026.,21.54095681,0.417355372,119.7049443,0.85328087,25.46842105,0.315789474,139.1868421,0.836688312,Lok Sabha
180313,Rabindra Narayan Behera,Elected,09-06-2024,In Office,First Term,Jajpur,Odisha,Bharatiya Janata Party,Male,Post Graduate and above,"Ph.D. in Computer Science, Utkal University, 2005",63,13,0,19,0.88961039, Data corresponds to the period from 24-06-2024 to 13-08-2026.,21.54095681,0.417355372,119.7049443,0.85328087,25.46842105,0.315789474,139.1868421,0.836688312,Lok Sabha
180314,Rudra Narayan Pany,Elected,09-06-2024,In Office,First Term,Dhenkanal,Odisha,Bharatiya Janata Party,Male,Graduate,"B.A. from Dhenkanal College under Utkal University, Vani Vihar, Bhubaneswar in 1981",67,22,0,41,0.785714286, Data corresponds to the period from 24-06-2024 to 13-08-2026.,21.54095681,0.417355372,119.7049443,0.85328087,25.46842105,0.315789474,139.1868421,0.836688312,Lok Sabha
180315,Sambit Patra,Elected,09-06-2024,In Office,First Term,Puri,Odisha,Bharatiya Janata Party,Male,Post Graduate and above,"Master of Surgery, Utkal University, Bhubaneswar, 2002",52,16,0,88,0.902597403, Data corresponds to the period from 24-06-2024 to 13-08-2026.,21.54095681,0.417355372,119.7049443,0.85328087,25.46842105,0.315789474,139.1868421,0.836688312,Lok Sabha
180316,Sangeeta Kumari Singh Deo,Elected,09-06-2024,In Office,Fifth Term,Bolangir,Odisha,Bharatiya Janata Party,Female,Graduate,"B.A. (Hons.) in Political Science from Jesus & Mary College, Delhi University, New Delhi in year 1983",64,38,0,105,0.811688312, Data corresponds to the period from 24-06-2024 to 13-08-2026.,21.54095681,0.417355372,119.7049443,0.85328087,25.46842105,0.315789474,139.1868421,0.836688312,Lok Sabha
180318,Sukanta Kumar Panigrahi,Elected,09-06-2024,In Office,First Term,Kandhamal,Odisha,Bharatiya Janata Party,Male,Post Graduate and above,"M.Sc. (Agrl.) from College of Agriculture, OUAT, Bhubaneswar in year 1992",59,25,0,152,0.954545455, Data corresponds to the period from 24-06-2024 to 13-08-2026.,21.54095681,0.417355372,119.7049443,0.85328087,25.46842105,0.315789474,139.1868421,0.836688312,Lok Sabha
180320,Amar Singh,Elected,09-06-2024,In Office,Second Term,Fatehgarh Sahib,Punjab,Indian National Congress,Male,Post Graduate and above,"MBBS, Guru Nanak Dev University, Amritsar, 1975; MA (Economics), Barkatullah Vishwavidyalaya, Bhopal, 2001",73,19,0,151,0.974025974, Data corresponds to the period from 24-06-2024 to 13-08-2026.,21.54095681,0.417355372,119.7049443,0.85328087,15.38461538,0.153846154,72.07692308,0.697302697,Lok Sabha
180321,Amrinder Singh Raja Warring,Elected,09-06-2024,In Office,First Term,Ludhiana,Punjab,Indian National Congress,Male,Upto Higher Secondary,"Matriculation, P.S.E.B. SAS Nagar(Mohali), 1995",48,18,0,85,0.662337662, Data corresponds to the period from 24-06-2024 to 13-08-2026.,21.54095681,0.417355372,119.7049443,0.85328087,15.38461538,0.153846154,72.07692308,0.697302697,Lok Sabha
180323,Charanjit Singh Channi,Elected,09-06-2024,In Office,First Term,Jalandhar,Punjab,Indian National Congress,Male,Post Graduate and above,"BA, Panjab University, Chandigarh, 1984; LLB, Panjab University, Chandigarh, 1997; MBA, Punjab Technical University, 2011; MA (Political Science), Panjab University, 2016; Ph.D on Indian National Congress. 2023",63,10,0,130,0.701298701, Data corresponds to the period from 24-06-2024 to 13-08-2026.,21.54095681,0.417355372,119.7049443,0.85328087,15.38461538,0.153846154,72.07692308,0.697302697,Lok Sabha
180325,Gurjeet Singh Aujla,Elected,09-06-2024,In Office,Third Term,Amritsar,Punjab,Indian National Congress,Male,Graduate,"BA, Guru Nanak Dev University, Amritsar, 1992",53,28,0,80,0.87012987, Data corresponds to the period from 24-06-2024 to 13-08-2026.,21.54095681,0.417355372,119.7049443,0.85328087,15.38461538,0.153846154,72.07692308,0.697302697,Lok Sabha
180326,Gurmeet Singh Meet Hayer,Elected,09-06-2024,In Office,First Term,Sangrur,Punjab,Aam Aadmi Party,Male,Graduate,"B.Tech, Swami Vivekanand Institute of Engineering and Technology, Punjab Technical University, 2012",37,31,0,100,0.831168831, Data corresponds to the period from 24-06-2024 to 13-08-2026.,21.54095681,0.417355372,119.7049443,0.85328087,15.38461538,0.153846154,72.07692308,0.697302697,Lok Sabha
180327,Harsimrat Kaur Badal,Elected,09-06-2024,In Office,Fourth Term,Bathinda,Punjab,Shiromani Akali Dal,Female,Upto Higher Secondary,"Diploma in Textile Designing, South Delhi Polytechnic, New Delhi, 1987",60,29,0,90,0.694805195, Data corresponds to the period from 24-06-2024 to 13-08-2026.,21.54095681,0.417355372,119.7049443,0.85328087,15.38461538,0.153846154,72.07692308,0.697302697,Lok Sabha
180328,Malvinder Singh Kang,Elected,09-06-2024,In Office,First Term,Anandpur Sahib,Punjab,Aam Aadmi Party,Male,Post Graduate and above,"MA (History), Panjab University, Chandigarh, 2002; LLB, Panjab University, Chandigarh, 2007",47,25,0,74,0.954545455, Data corresponds to the period from 24-06-2024 to 13-08-2026.,21.54095681,0.417355372,119.7049443,0.85328087,15.38461538,0.153846154,72.07692308,0.697302697,Lok Sabha
180329,Raj Kumar Chabbewal,Elected,09-06-2024,In Office,First Term,Hoshiarpur,Punjab,Aam Aadmi Party,Male,Post Graduate and above,"MD(Radio Diagnosis), Guru Nanak Dev University, Medical College, Amritsar, 1998",57,7,0,51,0.525974026, Data corresponds to the period from 24-06-2024 to 13-08-2026.,21.54095681,0.417355372,119.7049443,0.85328087,15.38461538,0.153846154,72.07692308,0.697302697,Lok Sabha
180330,Sarabjeet Singh Khalsa,Elected,09-06-2024,In Office,First Term,Faridkot,Punjab,Independent,Male,Upto Higher Secondary,"10th CBSE, Guru Nank Public Schoo, Sec 36-D, Chandigarh 1994-95",47,2,0,1,0.311688312, Data corresponds to the period from 24-06-2024 to 13-08-2026.,21.54095681,0.417355372,119.7049443,0.85328087,15.38461538,0.153846154,72.07692308,0.697302697,Lok Sabha
180331,Sher Singh Ghubaya,Elected,09-06-2024,In Office,Third Term,Firozpur,Punjab,Indian National Congress,Male,Upto Higher Secondary,"Matric, Govt. High School, Village Lamochar, Kalan Tehsil Jalabad (w) PSEB Mohali, 1978",64,11,0,30,0.857142857, Data corresponds to the period from 24-06-2024 to 13-08-2026.,21.54095681,0.417355372,119.7049443,0.85328087,15.38461538,0.153846154,72.07692308,0.697302697,Lok Sabha
180386,Sachithanantham R,Elected,09-06-2024,In Office,First Term,Dindigul,Tamil Nadu,Communist Party of India (Marxist),Male,Graduate,"B.Sc., G.T.N. College of Arts, Dindigul, 1990",56,23,0,111,0.928571429, Data corresponds to the period from 24-06-2024 to 13-08-2026.,21.54095681,0.417355372,119.7049443,0.85328087,25.58974359,0.615384615,132.3589744,0.7998668,Lok Sabha
180332,Sukhjinder Singh Randhawa,Elected,09-06-2024,In Office,First Term,Gurdaspur,Punjab,Indian National Congress,Male,Graduate,"Under Graduate, S.D. College, Chandigarh, Punjab University, Chandigarh, 1979",67,8,0,96,0.896103896, Data corresponds to the period from 24-06-2024 to 13-08-2026.,21.54095681,0.417355372,119.7049443,0.85328087,15.38461538,0.153846154,72.07692308,0.697302697,Lok Sabha
180333,Amra Ram,Elected,09-06-2024,In Office,First Term,Sikar,Rajasthan,Communist Party of India (Marxist),Male,Post Graduate and above,"M Com. (1979), Rajasthan University, Jaipur",71,37,0,148,0.88961039, Data corresponds to the period from 24-06-2024 to 13-08-2026.,21.54095681,0.417355372,119.7049443,0.85328087,33.66666667,0.761904762,160.6666667,0.963636364,Lok Sabha
180336,Bhajan Lal Jatav,Elected,09-06-2024,In Office,First Term,Karauli-Dholpur,Rajasthan,Indian National Congress,Male,Upto Higher Secondary,"Class 10 Pass, 1986, Secondary Education Board, Rajasthan Ajmer",57,11,0,51,0.935064935, Data corresponds to the period from 24-06-2024 to 13-08-2026.,21.54095681,0.417355372,119.7049443,0.85328087,33.66666667,0.761904762,160.6666667,0.963636364,Lok Sabha
180338,Brijendra Singh Ola,Elected,09-06-2024,In Office,First Term,Jhunjhunu,Rajasthan,Indian National Congress,Male,Post Graduate and above,"MA Political Science, Rajasthan University, Jaipur, 1974, LLB, Rajasthan University, Jaipur, 1983",75,27,0,122,1, Data corresponds to the period from 24-06-2024 to 13-08-2026.,21.54095681,0.417355372,119.7049443,0.85328087,33.66666667,0.761904762,160.6666667,0.963636364,Lok Sabha
180339,Chandra Prakash Joshi,Elected,09-06-2024,In Office,Third Term,Chittorgarh,Rajasthan,Bharatiya Janata Party,Male,Graduate,"LLB from Mohanlal Sukhadia University, Udaipur, Rajasthan in year 2022",50,43,0,159,0.974025974, Data corresponds to the period from 24-06-2024 to 13-08-2026.,21.54095681,0.417355372,119.7049443,0.85328087,33.66666667,0.761904762,160.6666667,0.963636364,Lok Sabha
180341,Dushyant Singh,Elected,09-06-2024,In Office,Fifth Term,Jhalawar-Baran,Rajasthan,Bharatiya Janata Party,Male,Post Graduate and above,"M.B.A. (Hotel Administration) from Johnson and Wales University, U.S.A. in year 1999",52,22,0,171,0.941558442, Data corresponds to the period from 24-06-2024 to 13-08-2026.,21.54095681,0.417355372,119.7049443,0.85328087,33.66666667,0.761904762,160.6666667,0.963636364,Lok Sabha
180344,Harish Chandra Meena,Elected,09-06-2024,In Office,Second Term,Tonk-Sawai Madhopur,Rajasthan,Indian National Congress,Male,Graduate,"B.A. (Hons.) from Rajasthan University, Jaipur in year 1973",71,19,0,121,0.980519481, Data corresponds to the period from 24-06-2024 to 13-08-2026.,21.54095681,0.417355372,119.7049443,0.85328087,33.66666667,0.761904762,160.6666667,0.963636364,Lok Sabha
180345,Kuldeep Indora,Elected,09-06-2024,In Office,First Term,Ganganagar,Rajasthan,Indian National Congress,Male,Post Graduate and above,M.A. (Pol.Sc.) in year 1997,56,22,0,136,0.837662338, Data corresponds to the period from 24-06-2024 to 13-08-2026.,21.54095681,0.417355372,119.7049443,0.85328087,33.66666667,0.761904762,160.6666667,0.963636364,Lok Sabha
180347,Mahima Kumari Mewar,Elected,09-06-2024,In Office,First Term,Rajsamand,Rajasthan,Bharatiya Janata Party,Female,Graduate,"B.A. (Psychology) from Shri Ram Ladies College, New Delhi in year 1991",54,33,0,188,0.941558442, Data corresponds to the period from 24-06-2024 to 13-08-2026.,21.54095681,0.417355372,119.7049443,0.85328087,33.66666667,0.761904762,160.6666667,0.963636364,Lok Sabha
180348,Manju Sharma,Elected,09-06-2024,In Office,First Term,Jaipur,Rajasthan,Bharatiya Janata Party,Female,Post Graduate and above,"MA Rajasthan University Jaipur 1983, LLB (Academic) Rajasthan University Jaipur 2004",65,48,0,140,0.993506494, Data corresponds to the period from 24-06-2024 to 13-08-2026.,21.54095681,0.417355372,119.7049443,0.85328087,33.66666667,0.761904762,160.6666667,0.963636364,Lok Sabha
180349,Manna Lal Rawat,Elected,09-06-2024,In Office,First Term,Udaipur,Rajasthan,Bharatiya Janata Party,Male,Post Graduate and above,"Ph.D. from Mohanlal Sukhadia University, Udaipur, Rajasthan in year 2014",54,38,0,252,0.980519481, Data corresponds to the period from 24-06-2024 to 13-08-2026.,21.54095681,0.417355372,119.7049443,0.85328087,33.66666667,0.761904762,160.6666667,0.963636364,Lok Sabha
180350,Murari Lal Meena,Elected,09-06-2024,In Office,First Term,Dausa,Rajasthan,Indian National Congress,Male,Upto Higher Secondary,"Diploma (Civil Engg.) from Govt. Polytechnic College, Alwar in year 1982",68,26,0,168,0.967532468, Data corresponds to the period from 24-06-2024 to 13-08-2026.,21.54095681,0.417355372,119.7049443,0.85328087,33.66666667,0.761904762,160.6666667,0.963636364,Lok Sabha
180353,Rahul Kaswan,Elected,09-06-2024,In Office,Third Term,Churu,Rajasthan,Indian National Congress,Male,Graduate,B.Com. from Delhi University in year 1999,49,54,0,164,0.980519481, Data corresponds to the period from 24-06-2024 to 13-08-2026.,21.54095681,0.417355372,119.7049443,0.85328087,33.66666667,0.761904762,160.6666667,0.963636364,Lok Sabha
180356,Sanjna Jatav,Elected,09-06-2024,In Office,First Term,Bharatpur,Rajasthan,Indian National Congress,Female,Graduate,Graduate from Surajmal Brij University in year 2019,28,19,0,146,0.993506494, Data corresponds to the period from 24-06-2024 to 13-08-2026.,21.54095681,0.417355372,119.7049443,0.85328087,33.66666667,0.761904762,160.6666667,0.963636364,Lok Sabha
180357,Ummeda Ram Beniwal,Elected,09-06-2024,In Office,First Term,Barmer,Rajasthan,Indian National Congress,Male,Graduate,"B.A. from MDSU, Ajmer in year 2000",49,42,0,138,0.987012987, Data corresponds to the period from 24-06-2024 to 13-08-2026.,21.54095681,0.417355372,119.7049443,0.85328087,33.66666667,0.761904762,160.6666667,0.963636364,Lok Sabha
180359,Raja A,Elected,09-06-2024,In Office,Sixth Term,Nilgiris,Tamil Nadu,Dravida Munnetra Kazhagam,Male,Graduate,"Bachelor of Law, Madurai Kamaraj University, 1987",63,7,0,142,0.714285714, Data corresponds to the period from 24-06-2024 to 13-08-2026.,21.54095681,0.417355372,119.7049443,0.85328087,25.58974359,0.615384615,132.3589744,0.7998668,Lok Sabha
180360,Arun Nehru,Elected,09-06-2024,In Office,First Term,Perambalur,Tamil Nadu,Dravida Munnetra Kazhagam,Male,Post graduate and above,"M.Sc.(Civil Engineering) from Bradley University, Illinois, U.S.A in year 2007, B.Sc (Civil Engineering) from Anna University, Chennai in 2005",42,32,0,90,0.844155844, Data corresponds to the period from 24-06-2024 to 13-08-2026.,21.54095681,0.417355372,119.7049443,0.85328087,25.58974359,0.615384615,132.3589744,0.7998668,Lok Sabha
180362,D Ravi Kumar,Elected,09-06-2024,In Office,Second Term,Viluppuram,Tamil Nadu,Viduthalai Chiruthaigal Katchi,Male,Post Graduate and above,Ph.D. from Thanjavur Tamil University in year 2018,66,21,0,130,0.603896104, Data corresponds to the period from 24-06-2024 to 13-08-2026.,21.54095681,0.417355372,119.7049443,0.85328087,25.58974359,0.615384615,132.3589744,0.7998668,Lok Sabha
180364,Dayanidhi Maran,Elected,09-06-2024,In Office,Fourth Term,Chennai Central,Tamil Nadu,Dravida Munnetra Kazhagam,Male,Graduate,"B.A. (Economics) from Loyola College, Madras University, Chennai in year 1989",59,6,0,103,0.688311688, Data corresponds to the period from 24-06-2024 to 13-08-2026.,21.54095681,0.417355372,119.7049443,0.85328087,25.58974359,0.615384615,132.3589744,0.7998668,Lok Sabha
180365,Rani Srikumar,Elected,09-06-2024,In Office,First Term,Tenkasi,Tamil Nadu,Dravida Munnetra Kazhagam,Female,Post Graduate and above,M.D. (Anesthesiology) from Dr. M.G.R. University in year 2019,43,20,0,64,0.902597403, Data corresponds to the period from 24-06-2024 to 13-08-2026.,21.54095681,0.417355372,119.7049443,0.85328087,25.58974359,0.615384615,132.3589744,0.7998668,Lok Sabha
180366,Durai Vaiko,Elected,09-06-2024,In Office,First Term,Tiruchirappalli,Tamil Nadu,Marumalarchi Dravida Munnetra Kazhagam,Male,Post Graduate and above,"MBA, PSG College of Technology, Coimbatore, April 1994",54,24,0,103,0.850649351, Data corresponds to the period from 24-06-2024 to 13-08-2026.,21.54095681,0.417355372,119.7049443,0.85328087,25.58974359,0.615384615,132.3589744,0.7998668,Lok Sabha
180367,Eswarasamy K,Elected,09-06-2024,In Office,First Term,Pollachi,Tamil Nadu,Dravida Munnetra Kazhagam,Male,Upto Higher Secondary,"SSLC, (Bridge Course) Manonmaniam Sundaranar University-YEAR 2015",50,19,0,143,0.831168831, Data corresponds to the period from 24-06-2024 to 13-08-2026.,21.54095681,0.417355372,119.7049443,0.85328087,25.58974359,0.615384615,132.3589744,0.7998668,Lok Sabha
180368,Selvam G,Elected,09-06-2024,In Office,Second Term,Kancheepuram,Tamil Nadu,Dravida Munnetra Kazhagam,Male,Post Graduate and above,"M.Phil. from Alagappa University Karaikudi, Tamil Nadu in year 2013",52,18,0,257,0.941558442, Data corresponds to the period from 24-06-2024 to 13-08-2026.,21.54095681,0.417355372,119.7049443,0.85328087,25.58974359,0.615384615,132.3589744,0.7998668,Lok Sabha
180369,Ganapathy Rajkumar P,Elected,09-06-2024,In Office,First Term,Coimbatore,Tamil Nadu,Dravida Munnetra Kazhagam,Male,Post Graduate and above,"Ph.D.(Journalism and Mass Communication) from Bharathiyar University, Coimbatore in year 2015",61,14,0,134,0.909090909, Data corresponds to the period from 24-06-2024 to 13-08-2026.,21.54095681,0.417355372,119.7049443,0.85328087,25.58974359,0.615384615,132.3589744,0.7998668,Lok Sabha
180370,K Gopinath,Elected,09-06-2024,In Office,First Term,Krishnagiri,Tamil Nadu,Indian National Congress,Male,Upto Higher Secondary,S.S.L.C.,63,6,0,61,0.766233766, Data corresponds to the period from 24-06-2024 to 13-08-2026.,21.54095681,0.417355372,119.7049443,0.85328087,25.58974359,0.615384615,132.3589744,0.7998668,Lok Sabha
180371,K E Prakash,Elected,09-06-2024,In Office,First Term,Erode,Tamil Nadu,Dravida Munnetra Kazhagam,Male,Graduate,"B.A. (Economics) from College of Arts & Science, Gobichettipalayam, Bharathiyar University in year 1996",50,17,0,102,0.896103896, Data corresponds to the period from 24-06-2024 to 13-08-2026.,21.54095681,0.417355372,119.7049443,0.85328087,25.58974359,0.615384615,132.3589744,0.7998668,Lok Sabha
180372,Subbarayan K,Elected,09-06-2024,In Office,Third Term,Tiruppur,Tamil Nadu,Communist Party of India,Male,Upto Higher Secondary,"SSLC (1965) K Subramania Chettiar High School, Tiruppur",79,24,0,136,0.636363636, Data corresponds to the period from 24-06-2024 to 13-08-2026.,21.54095681,0.417355372,119.7049443,0.85328087,25.58974359,0.615384615,132.3589744,0.7998668,Lok Sabha
180374,Karti P Chidambaram,Elected,09-06-2024,In Office,Second Term,Sivaganga,Tamil Nadu,Indian National Congress,Male,Graduate,"B.A (Law) from Cambridge University, U.K. in year 1995, BBA from University of Taxas Austin, USA",54,13,0,82,0.87012987, Data corresponds to the period from 24-06-2024 to 13-08-2026.,21.54095681,0.417355372,119.7049443,0.85328087,25.58974359,0.615384615,132.3589744,0.7998668,Lok Sabha
180375,M K Vishnu Prasad,Elected,09-06-2024,In Office,Second Term,Cuddalore,Tamil Nadu,Indian National Congress,Male,Graduate,"M.B.B.S. from Madras Medical College, M.G.R. Medical University, Chennai in year 1995",54,19,0,140,0.902597403, Data corresponds to the period from 24-06-2024 to 13-08-2026.,21.54095681,0.417355372,119.7049443,0.85328087,25.58974359,0.615384615,132.3589744,0.7998668,Lok Sabha
180376,Malaiyarasan D,Elected,09-06-2024,In Office,First Term,Kallakurichi,Tamil Nadu,Dravida Munnetra Kazhagam,Male,Post Graduate and above,M.Com. (Banking and Insurance Management) from Annamalai University,51,15,0,143,0.896103896, Data corresponds to the period from 24-06-2024 to 13-08-2026.,21.54095681,0.417355372,119.7049443,0.85328087,25.58974359,0.615384615,132.3589744,0.7998668,Lok Sabha
180377,Mani A,Elected,09-06-2024,In Office,First Term,Dharmapuri,Tamil Nadu,Dravida Munnetra Kazhagam,Male,Graduate,"B.L. from Central Law College, Salem, Madras University in year 1993",57,7,0,129,0.545454545, Data corresponds to the period from 24-06-2024 to 13-08-2026.,21.54095681,0.417355372,119.7049443,0.85328087,25.58974359,0.615384615,132.3589744,0.7998668,Lok Sabha
180379,Matheswaran V S,Elected,09-06-2024,In Office,First Term,Namakkal,Tamil Nadu,Dravida Munnetra Kazhagam,Male,Upto Higher Secondary,"10th Passed from Govt. Higher Secondary School, Muthukapatty in year 1988",54,7,0,111,0.707792208, Data corresponds to the period from 24-06-2024 to 13-08-2026.,21.54095681,0.417355372,119.7049443,0.85328087,25.58974359,0.615384615,132.3589744,0.7998668,Lok Sabha
180380,Murasoli S,Elected,09-06-2024,In Office,First Term,Thanjavur,Tamil Nadu,Dravida Munnetra Kazhagam,Male,Graduate,"LLB 2008, Dr. Ram Manohar Lohia College of Law, Bangalore University, Bangalore",48,12,0,61,0.876623377, Data corresponds to the period from 24-06-2024 to 13-08-2026.,21.54095681,0.417355372,119.7049443,0.85328087,25.58974359,0.615384615,132.3589744,0.7998668,Lok Sabha
180382,Robert Bruce C,Elected,09-06-2024,In Office,First Term,Tirunelveli,Tamil Nadu,Indian National Congress,Male,Post Graduate and above,M.L. from Madras University in year 2023,64,18,0,62,0.941558442, Data corresponds to the period from 24-06-2024 to 13-08-2026.,21.54095681,0.417355372,119.7049443,0.85328087,25.58974359,0.615384615,132.3589744,0.7998668,Lok Sabha
180383,S Jagathratchakan,Elected,09-06-2024,In Office,Fifth Term,Arakkonam,Tamil Nadu,Dravida Munnetra Kazhagam,Male,Upto Higher Secondary,"XIth Standard Passed from Govt. Higher Secondary School, Valudavur in year 1967",78,8,0,160,0.422077922, Data corresponds to the period from 24-06-2024 to 13-08-2026.,21.54095681,0.417355372,119.7049443,0.85328087,25.58974359,0.615384615,132.3589744,0.7998668,Lok Sabha
180385,S Venkatesan,Elected,09-06-2024,In Office,Second Term,Madurai,Tamil Nadu,Communist Party of India (Marxist),Male,Upto Higher Secondary,"Plus 2 (Higher Secondary) - 1988, Muthuthevar Tukulathor, Higher Secondary School, Thiruparangunram",56,15,0,116,0.694805195, Data corresponds to the period from 24-06-2024 to 13-08-2026.,21.54095681,0.417355372,119.7049443,0.85328087,25.58974359,0.615384615,132.3589744,0.7998668,Lok Sabha
180387,Sasikanth Senthil,Elected,09-06-2024,In Office,First Term,Tiruvallur,Tamil Nadu,Indian National Congress,Male,Graduate,"Bachelor of Engineering from REC Trichy, Bharathidasan University in year 2000",47,14,0,112,0.876623377, Data corresponds to the period from 24-06-2024 to 13-08-2026.,21.54095681,0.417355372,119.7049443,0.85328087,25.58974359,0.615384615,132.3589744,0.7998668,Lok Sabha
180388,Selvaraj V,Elected,09-06-2024,In Office,First Term,Nagapattinam,Tamil Nadu,Communist Party of India,Male,Post Graduate and above,"MA Tamil, A Veeraiyya Vandaiyar Memorial Pushpam (Autonomous) College, Thanjavur, 1989",65,16,0,141,0.844155844, Data corresponds to the period from 24-06-2024 to 13-08-2026.,21.54095681,0.417355372,119.7049443,0.85328087,25.58974359,0.615384615,132.3589744,0.7998668,Lok Sabha
180389,Sudha R,Elected,09-06-2024,In Office,First Term,Mayiladuthurai,Tamil Nadu,Indian National Congress,Female,Graduate,"B.A.B.L. - Dr. Ambedkar Law College, University of Madras, Chennai, 1994; PG Diploma in Juvenile Justice and Juvenile Psychology, University of Madras, 2019",49,20,0,103,0.928571429, Data corresponds to the period from 24-06-2024 to 13-08-2026.,21.54095681,0.417355372,119.7049443,0.85328087,25.58974359,0.615384615,132.3589744,0.7998668,Lok Sabha
180391,Selvaganapathi T.M.,Elected,09-06-2024,In Office,Second Term,Salem,Tamil Nadu,Dravida Munnetra Kazhagam,Male,Post Graduate and above,M.A from J.N.U. Delhi in year 1981 & L.L.B. from Delhi University in year 1985,67,20,0,166,0.727272727, Data corresponds to the period from 24-06-2024 to 13-08-2026.,21.54095681,0.417355372,119.7049443,0.85328087,25.58974359,0.615384615,132.3589744,0.7998668,Lok Sabha
180392,T R Baalu,Elected,09-06-2024,In Office,Seventh Term,Sriperumbudur,Tamil Nadu,Dravida Munnetra Kazhagam,Male,Graduate,B.Sc. from University of Madras in year 1989,85,16,0,101,0.772727273, Data corresponds to the period from 24-06-2024 to 13-08-2026.,21.54095681,0.417355372,119.7049443,0.85328087,25.58974359,0.615384615,132.3589744,0.7998668,Lok Sabha
180393,Tamilselvan Thanga,Elected,09-06-2024,In Office,First Term,Theni,Tamil Nadu,Dravida Munnetra Kazhagam,Male,Post Graduate and above,"M.A., (Sociology) Chennai University 1987 - 1989",64,28,0,108,0.811688312, Data corresponds to the period from 24-06-2024 to 13-08-2026.,21.54095681,0.417355372,119.7049443,0.85328087,25.58974359,0.615384615,132.3589744,0.7998668,Lok Sabha
180395,Thirumaavalavan Tholkappiyan,Elected,09-06-2024,In Office,Third Term,Chidambaram,Tamil Nadu,Viduthalai Chiruthaigal Katchi,Male,Post Graduate and above,"Ph.D. from Manonmaniam Sundaranar University, Tirunelveli in year 2018",64,17,0,125,0.649350649, Data corresponds to the period from 24-06-2024 to 13-08-2026.,21.54095681,0.417355372,119.7049443,0.85328087,25.58974359,0.615384615,132.3589744,0.7998668,Lok Sabha
180397,Vijayakumar Alias Vijay Vasanth,Elected,09-06-2024,In Office,Second Term,Kanniyakumari,Tamil Nadu,Indian National Congress,Male,Post Graduate and above,"M.A. in International Business Administration from Regents Business School, London in year 2006",43,32,0,194,0.915584416, Data corresponds to the period from 24-06-2024 to 13-08-2026.,21.54095681,0.417355372,119.7049443,0.85328087,25.58974359,0.615384615,132.3589744,0.7998668,Lok Sabha
180398,D K Aruna,Elected,09-06-2024,In Office,First Term,Mahbubnagar,Telangana,Bharatiya Janata Party,Female,Upto Higher Secondary,"Intermediate from RBVR Women's College, Narayanaguda, Hyderabad",66,27,0,167,0.844155844, Data corresponds to the period from 24-06-2024 to 13-08-2026.,21.54095681,0.417355372,119.7049443,0.85328087,16.2,0.133333333,122.6666667,0.843290043,Lok Sabha
180399,Arvind Dharmapuri,Elected,09-06-2024,In Office,Second Term,Nizamabad,Telangana,Bharatiya Janata Party,Male,Post Graduate and above,MA (Political Science) from Janardhan Rai Nagar Rajasthan Vidyapeeth in 2018,49,4,0,140,0.785714286, Data corresponds to the period from 24-06-2024 to 13-08-2026.,21.54095681,0.417355372,119.7049443,0.85328087,16.2,0.133333333,122.6666667,0.843290043,Lok Sabha
180400,Asaduddin Owaisi,Elected,09-06-2024,In Office,Fifth Term,Hyderabad,Telangana,All India Majlis-E-Ittehadul Muslimeen,Male,Graduate,"Bar-At-Law, L.L.B. from Lincolns Inn, London in year 1994",57,34,0,127,0.863636364, Data corresponds to the period from 24-06-2024 to 13-08-2026.,21.54095681,0.417355372,119.7049443,0.85328087,16.2,0.133333333,122.6666667,0.843290043,Lok Sabha
180401,Balram Naik Porika,Elected,09-06-2024,In Office,Second Term,Mahabubabad,Telangana,Indian National Congress,Male,Upto Higher Secondary,S.S.C. in 1983,62,6,0,38,0.642857143, Data corresponds to the period from 24-06-2024 to 13-08-2026.,21.54095681,0.417355372,119.7049443,0.85328087,16.2,0.133333333,122.6666667,0.843290043,Lok Sabha
180402,Chamala Kiran Kumar Reddy,Elected,09-06-2024,In Office,First Term,Bhongir,Telangana,Indian National Congress,Male,Graduate,"Hotel Management from Centre of Higher Studies, Famagusta, Cyprus in 1994, Intermediate from Board of Intermediate Education, AP in 1993",51,32,0,161,0.883116883, Data corresponds to the period from 24-06-2024 to 13-08-2026.,21.54095681,0.417355372,119.7049443,0.85328087,16.2,0.133333333,122.6666667,0.843290043,Lok Sabha
180403,Eatala Rajender,Elected,09-06-2024,In Office,First Term,Malkajgiri,Telangana,Bharatiya Janata Party,Male,Graduate,B.Sc. from Osmania University in 1984,62,23,0,190,0.844155844, Data corresponds to the period from 24-06-2024 to 13-08-2026.,21.54095681,0.417355372,119.7049443,0.85328087,16.2,0.133333333,122.6666667,0.843290043,Lok Sabha
180405,Godam Nagesh,Elected,09-06-2024,In Office,Second Term,Adilabad,Telangana,Bharatiya Janata Party,Male,Post Graduate and above,"M.A., M.Ed. from Osmania University, Hyderabad",61,10,0,154,0.941558442, Data corresponds to the period from 24-06-2024 to 13-08-2026.,21.54095681,0.417355372,119.7049443,0.85328087,16.2,0.133333333,122.6666667,0.843290043,Lok Sabha
180407,Konda Vishweshwar Reddy,Elected,09-06-2024,In Office,Second Term,Chevella,Telangana,Bharatiya Janata Party,Male,Post Graduate and above,"Bachelors in Electrical Engineering, University of Madras, Guindy, Chennai in 1983 and MS Electrical Engineering from NJIT, New Jersey, USA in 1985",66,11,0,72,0.935064935, Data corresponds to the period from 24-06-2024 to 13-08-2026.,21.54095681,0.417355372,119.7049443,0.85328087,16.2,0.133333333,122.6666667,0.843290043,Lok Sabha
180409,Madhavaneni Raghunandan Rao,Elected,09-06-2024,In Office,First Term,Medak,Telangana,Bharatiya Janata Party,Male,Graduate,"B.Sc, B.Ed, L.L.B., PGDHR from University of Hyderabad (Central University, Hyderabad) in 2001",61,10,0,137,0.961038961, Data corresponds to the period from 24-06-2024 to 13-08-2026.,21.54095681,0.417355372,119.7049443,0.85328087,16.2,0.133333333,122.6666667,0.843290043,Lok Sabha
180434,Virendra Singh,Elected,09-06-2024,In Office,First Term,Chandauli,Uttar Pradesh,Samajwadi Party,Male,Graduate,"BSc, Uday Pratap College, Gorakhpur University, 1980",68,39,0,79,0.935064935, Data corresponds to the period from 24-06-2024 to 13-08-2026.,21.54095681,0.417355372,119.7049443,0.85328087,22.83333333,0.305555556,90.27777778,0.918968356,Lok Sabha
180410,Mallu Ravi,Elected,09-06-2024,In Office,Third Term,Nagarkurnool,Telangana,Indian National Congress,Male,Graduate,"M.B.B.S. from Gandhi Medical College, Osmania University in 1981-82",76,25,0,88,0.935064935, Data corresponds to the period from 24-06-2024 to 13-08-2026.,21.54095681,0.417355372,119.7049443,0.85328087,16.2,0.133333333,122.6666667,0.843290043,Lok Sabha
180411,Ramasahayam Raghuram Reddy,Elected,09-06-2024,In Office,First Term,Khammam,Telangana,Indian National Congress,Male,Graduate,"Post Graduate Diploma of Proficiency from The International Export Association, England, in 1982",65,18,0,142,0.766233766, Data corresponds to the period from 24-06-2024 to 13-08-2026.,21.54095681,0.417355372,119.7049443,0.85328087,16.2,0.133333333,122.6666667,0.843290043,Lok Sabha
180413,Suresh Kumar Shetkar,Elected,09-06-2024,In Office,Second Term,Zahirabad,Telangana,Indian National Congress,Male,Graduate,"B.Sc Agriculture, Marathwada Agricultural University, Parbhani, Maharashtra in 1982",66,9,0,165,0.831168831, Data corresponds to the period from 24-06-2024 to 13-08-2026.,21.54095681,0.417355372,119.7049443,0.85328087,16.2,0.133333333,122.6666667,0.843290043,Lok Sabha
180414,Vamsi Krishna Gaddam,Elected,09-06-2024,In Office,First Term,Peddapalle,Telangana,Indian National Congress,Male,Graduate,"Bachelor of Science and Management, Purdue University, USA",37,17,0,86,0.876623377, Data corresponds to the period from 24-06-2024 to 13-08-2026.,21.54095681,0.417355372,119.7049443,0.85328087,16.2,0.133333333,122.6666667,0.843290043,Lok Sabha
180415,Biplab Kumar Deb,Elected,09-06-2024,In Office,First Term,Tripura West,Tripura,Bharatiya Janata Party,Male,Graduate,"BA Pass from Tripura University, 1999",54,9,0,131,0.844155844, Data corresponds to the period from 24-06-2024 to 13-08-2026.,21.54095681,0.417355372,119.7049443,0.85328087,11.5,NA,98,0.853896104,Lok Sabha
180416,Kriti Devi Debbarman,Elected,09-06-2024,In Office,First Term,Tripura East,Tripura,Bharatiya Janata Party,Female,Upto Higher Secondary,H.S.L.C. from Meghalaya Board of Secondary Education in year 1990,55,14,0,65,0.863636364, Data corresponds to the period from 24-06-2024 to 13-08-2026.,21.54095681,0.417355372,119.7049443,0.85328087,11.5,NA,98,0.853896104,Lok Sabha
180417,Aditya Yadav,Elected,09-06-2024,In Office,First Term,Badaun,Uttar Pradesh,Samajwadi Party,Male,Post Graduate and above,Master of Tourism Administration from Lucknow University in 2014,38,19,0,104,0.922077922, Data corresponds to the period from 24-06-2024 to 13-08-2026.,21.54095681,0.417355372,119.7049443,0.85328087,22.83333333,0.305555556,90.27777778,0.918968356,Lok Sabha
180419,Ajendra Singh Lodhi,Elected,09-06-2024,In Office,Fifth Term,Hamirpur,Uttar Pradesh,Samajwadi Party,Male,Upto Higher Secondary,"High School from Nehru Inter College, Panwari, Uttar Pradesh in year 1987; Intermediate from Jantantra Inter College, Kulpahar, Uttar Pradesh in year 1989",56,5,0,23,0.62987013, Data corresponds to the period from 24-06-2024 to 13-08-2026.,21.54095681,0.417355372,119.7049443,0.85328087,22.83333333,0.305555556,90.27777778,0.918968356,Lok Sabha
180421,Akshay Yadav,Elected,09-06-2024,In Office,Second Term,Firozabad,Uttar Pradesh,Samajwadi Party,Male,Graduate,BBA from Amity University Noida in 2008,39,1,0,7,0.811688312, Data corresponds to the period from 24-06-2024 to 13-08-2026.,21.54095681,0.417355372,119.7049443,0.85328087,22.83333333,0.305555556,90.27777778,0.918968356,Lok Sabha
180423,Anand Kumar,Elected,09-06-2024,In Office,First Term,Baharaich,Uttar Pradesh,Bharatiya Janata Party,Male,Post Graduate and above,"P.hD from Mahatma Gandhi Kashi Vidyapeeth, Varanasi, Uttar Pradesh in 2010 and M.B.A. from Allahabad University in 2000",52,17,0,93,0.987012987, Data corresponds to the period from 24-06-2024 to 13-08-2026.,21.54095681,0.417355372,119.7049443,0.85328087,22.83333333,0.305555556,90.27777778,0.918968356,Lok Sabha
180424,Anoop Pradhan Valmiki,Elected,09-06-2024,In Office,First Term,Hathras,Uttar Pradesh,Bharatiya Janata Party,Male,Upto Higher Secondary,H.S.L.C. Examination Passed from N.I.O.S. in year 2020,45,12,0,69,0.967532468, Data corresponds to the period from 24-06-2024 to 13-08-2026.,21.54095681,0.417355372,119.7049443,0.85328087,22.83333333,0.305555556,90.27777778,0.918968356,Lok Sabha
180426,Anurag Sharma,Elected,09-06-2024,In Office,Second Term,Jhansi,Uttar Pradesh,Bharatiya Janata Party,Male,Post Graduate and above,"M.Com from Bundelkhand University, Jhansi, Year 1988",61,31,0,217,0.948051948, Data corresponds to the period from 24-06-2024 to 13-08-2026.,21.54095681,0.417355372,119.7049443,0.85328087,22.83333333,0.305555556,90.27777778,0.918968356,Lok Sabha
180427,Arun Govil,Elected,09-06-2024,In Office,First Term,Meerut,Uttar Pradesh,Bharatiya Janata Party,Male,Graduate,"B.Sc. from G.F. College, Shahjahanpur, Agra University in year 1972",74,32,0,183,0.961038961, Data corresponds to the period from 24-06-2024 to 13-08-2026.,21.54095681,0.417355372,119.7049443,0.85328087,22.83333333,0.305555556,90.27777778,0.918968356,Lok Sabha
180428,Arun Kumar Sagar,Elected,09-06-2024,In Office,Second Term,Shahjahanpur,Uttar Pradesh,Bharatiya Janata Party,Male,Upto Higher Secondary,"Class 12 from Ramsaran Singh Vidyalaya, Phulsanda, Bijnor in 2008",50,39,0,147,0.993506494, Data corresponds to the period from 24-06-2024 to 13-08-2026.,21.54095681,0.417355372,119.7049443,0.85328087,22.83333333,0.305555556,90.27777778,0.918968356,Lok Sabha
180429,Ashok Kumar Rawat,Elected,09-06-2024,In Office,Fourth Term,Misrikh,Uttar Pradesh,Bharatiya Janata Party,Male,Post Graduate and above,M.A. from Lucknow University in 1998,50,34,0,122,0.967532468, Data corresponds to the period from 24-06-2024 to 13-08-2026.,21.54095681,0.417355372,119.7049443,0.85328087,22.83333333,0.305555556,90.27777778,0.918968356,Lok Sabha
180430,Atul Garg,Elected,09-06-2024,In Office,First Term,Ghaziabad,Uttar Pradesh,Bharatiya Janata Party,Male,Upto Higher Secondary,"B.Com. (Part-I) from M.M.H. Degree College, Ghaziabad, Meerut University in year 1976",68,10,0,110,0.948051948, Data corresponds to the period from 24-06-2024 to 13-08-2026.,21.54095681,0.417355372,119.7049443,0.85328087,22.83333333,0.305555556,90.27777778,0.918968356,Lok Sabha
180432,Babu Singh Kushwaha,Elected,09-06-2024,In Office,First Term,Jaunpur,Uttar Pradesh,Samajwadi Party,Male,Upto Higher Secondary,"Intermediate, Brahma Vigyan Inter college, U.P. Board, Allahabad, 1989",60,16,0,131,0.87012987, Data corresponds to the period from 24-06-2024 to 13-08-2026.,21.54095681,0.417355372,119.7049443,0.85328087,22.83333333,0.305555556,90.27777778,0.918968356,Lok Sabha
180433,Bhola Singh,Elected,09-06-2024,In Office,Third Term,Bulandshahr,Uttar Pradesh,Bharatiya Janata Party,Male,Graduate,"Graduated from Chaudhary Charan Singh University, Meerut in year 1999",48,13,0,224,0.993506494, Data corresponds to the period from 24-06-2024 to 13-08-2026.,21.54095681,0.417355372,119.7049443,0.85328087,22.83333333,0.305555556,90.27777778,0.918968356,Lok Sabha
180435,Chandan Chauhan,Elected,09-06-2024,In Office,First Term,Bijnor,Uttar Pradesh,Rashtriya Lok Dal,Male,Graduate,"B.A.L.L.B. from Sri Ram Law College, Muzaffarnagar, Chaudhary Charan Singh University, Meerut in year 2011",37,38,0,88,0.993506494, Data corresponds to the period from 24-06-2024 to 13-08-2026.,21.54095681,0.417355372,119.7049443,0.85328087,22.83333333,0.305555556,90.27777778,0.918968356,Lok Sabha
180437,Chhatrapal Singh Gangwar,Elected,09-06-2024,In Office,First Term,Bareilly,Uttar Pradesh,Bharatiya Janata Party,Male,Post Graduate and above,M.A. in year 1979,70,4,0,72,0.987012987, Data corresponds to the period from 24-06-2024 to 13-08-2026.,21.54095681,0.417355372,119.7049443,0.85328087,22.83333333,0.305555556,90.27777778,0.918968356,Lok Sabha
180438,Chhotelal,Elected,09-06-2024,In Office,Second Term,Robertsganj,Uttar Pradesh,Samajwadi Party,Male,Upto Higher Secondary,"Class V, Primary School, Chakia, Chandauli, Uttar Pradesh, 1987",53,26,0,52,0.896103896, Data corresponds to the period from 24-06-2024 to 13-08-2026.,21.54095681,0.417355372,119.7049443,0.85328087,22.83333333,0.305555556,90.27777778,0.918968356,Lok Sabha
180439,Daroga Prasad Saroj,Elected,09-06-2024,In Office,Third Term,Lalganj,Uttar Pradesh,Samajwadi Party,Male,Graduate,"Graduate from T.D. College, Jaunpur, 1975 From Gorakhpur University",73,12,0,46,0.909090909, Data corresponds to the period from 24-06-2024 to 13-08-2026.,21.54095681,0.417355372,119.7049443,0.85328087,22.83333333,0.305555556,90.27777778,0.918968356,Lok Sabha
180440,Devendra Singh Alias Bhole Singh,Elected,09-06-2024,In Office,Third Term,Akbarpur,Uttar Pradesh,Bharatiya Janata Party,Male,Upto Higher Secondary,"High School from Shri Ram Ratan Inter College, Kachausi Market, Kanpur",72,5,0,10,0.88961039, Data corresponds to the period from 24-06-2024 to 13-08-2026.,21.54095681,0.417355372,119.7049443,0.85328087,22.83333333,0.305555556,90.27777778,0.918968356,Lok Sabha
180441,Devesh Shakya,Elected,09-06-2024,In Office,First Term,Etah,Uttar Pradesh,Samajwadi Party,Male,Graduate,LLB from Chatrapati Shahu ji Maharaj University Kanpur in 2016,45,35,0,134,0.974025974, Data corresponds to the period from 24-06-2024 to 13-08-2026.,21.54095681,0.417355372,119.7049443,0.85328087,22.83333333,0.305555556,90.27777778,0.918968356,Lok Sabha
180443,Dimple Yadav,Elected,09-06-2024,In Office,Fourth Term,Mainpuri,Uttar Pradesh,Samajwadi Party,Female,Graduate,B.Com from Lucknow University in 1998,48,10,0,23,0.824675325, Data corresponds to the period from 24-06-2024 to 13-08-2026.,21.54095681,0.417355372,119.7049443,0.85328087,22.83333333,0.305555556,90.27777778,0.918968356,Lok Sabha
180444,Rajkumar Sangwan,Elected,09-06-2024,In Office,First Term,Baghpat,Uttar Pradesh,Rashtriya Lok Dal,Male,Post Graduate and above,"M.A., Ph.D. (History) from Chaudhary Charan Singh University Meerut",66,42,0,109,1, Data corresponds to the period from 24-06-2024 to 13-08-2026.,21.54095681,0.417355372,119.7049443,0.85328087,22.83333333,0.305555556,90.27777778,0.918968356,Lok Sabha
180445,Vinod Kumar Bind,Elected,09-06-2024,In Office,First Term,Bhadohi,Uttar Pradesh,Bharatiya Janata Party,Male,Graduate,"MBBS, Motilal Nehru College, Allahabad, 2004; MSSN,Medical College, Agra, 2010",52,27,0,144,0.902597403, Data corresponds to the period from 24-06-2024 to 13-08-2026.,21.54095681,0.417355372,119.7049443,0.85328087,22.83333333,0.305555556,90.27777778,0.918968356,Lok Sabha
180446,Harendra Singh Malik,Elected,09-06-2024,In Office,First Term,Muzaffarnagar,Uttar Pradesh,Samajwadi Party,Male,Graduate,"B.Sc. from Meerut University, Meerut in year 1976",72,33,0,63,0.993506494, Data corresponds to the period from 24-06-2024 to 13-08-2026.,21.54095681,0.417355372,119.7049443,0.85328087,22.83333333,0.305555556,90.27777778,0.918968356,Lok Sabha
180447,Hemamalini Dharmendra Deol,Elected,09-06-2024,In Office,Third Term,Mathura,Uttar Pradesh,Bharatiya Janata Party,Female,Post Graduate and above,"Ph.D. from Sir Padampat Singhania University, Udaipur in year 2012",77,7,0,25,0.383116883, Data corresponds to the period from 24-06-2024 to 13-08-2026.,21.54095681,0.417355372,119.7049443,0.85328087,22.83333333,0.305555556,90.27777778,0.918968356,Lok Sabha
180448,Imran Masood,Elected,09-06-2024,In Office,First Term,Saharanpur,Uttar Pradesh,Indian National Congress,Male,Upto Higher Secondary,"Intermediate from Uttar Pradesh Board of Secondary Education, Allahabad in year 1987",56,19,0,121,0.915584416, Data corresponds to the period from 24-06-2024 to 13-08-2026.,21.54095681,0.417355372,119.7049443,0.85328087,22.83333333,0.305555556,90.27777778,0.918968356,Lok Sabha
180451,Jai Prakash,Elected,09-06-2024,In Office,Sixth Term,Hardoi,Uttar Pradesh,Bharatiya Janata Party,Male,Graduate,Graduation from Lucknow University in 1980,68,10,0,83,0.850649351, Data corresponds to the period from 24-06-2024 to 13-08-2026.,21.54095681,0.417355372,119.7049443,0.85328087,22.83333333,0.305555556,90.27777778,0.918968356,Lok Sabha
180452,Jitendra Kumar Dohare,Elected,09-06-2024,In Office,First Term,Etawah,Uttar Pradesh,Samajwadi Party,Male,Upto Higher Secondary,"Intermediate from Secondary Education Council, Uttar Pradesh in year 1991",56,13,0,25,0.935064935, Data corresponds to the period from 24-06-2024 to 13-08-2026.,21.54095681,0.417355372,119.7049443,0.85328087,22.83333333,0.305555556,90.27777778,0.918968356,Lok Sabha
180455,Kanwar Singh Tanwar,Elected,09-06-2024,In Office,Second Term,Amroha,Uttar Pradesh,Bharatiya Janata Party,Male,Upto Higher Secondary,Under Matric,65,11,0,167,0.961038961, Data corresponds to the period from 24-06-2024 to 13-08-2026.,21.54095681,0.417355372,119.7049443,0.85328087,22.83333333,0.305555556,90.27777778,0.918968356,Lok Sabha
180456,Karan Bhushan Singh,Elected,09-06-2024,In Office,First Term,Kaiserganj,Uttar Pradesh,Bharatiya Janata Party,Male,Graduate,"L.L.B., Dr. Ram Manohar Lohia Avadh University, Ayodhya (2018)",35,2,0,51,0.922077922, Data corresponds to the period from 24-06-2024 to 13-08-2026.,21.54095681,0.417355372,119.7049443,0.85328087,22.83333333,0.305555556,90.27777778,0.918968356,Lok Sabha
180458,Kishori Lal,Elected,09-06-2024,In Office,First Term,Amethi,Uttar Pradesh,Indian National Congress,Male,Graduate,"Bachelor of Arts (BA) from Punjab University, Chandigarh, in year 1982",65,16,0,34,0.987012987, Data corresponds to the period from 24-06-2024 to 13-08-2026.,21.54095681,0.417355372,119.7049443,0.85328087,22.83333333,0.305555556,90.27777778,0.918968356,Lok Sabha
180459,Krishna Devi Shivshankar Patel,Elected,09-06-2024,In Office,First Term,Banda,Uttar Pradesh,Samajwadi Party,Female,Upto Higher Secondary,"High School from B.B.S.H. School, Byonja, Secondary Education Council, U.P. in year 1991",55,20,0,34,0.974025974, Data corresponds to the period from 24-06-2024 to 13-08-2026.,21.54095681,0.417355372,119.7049443,0.85328087,22.83333333,0.305555556,90.27777778,0.918968356,Lok Sabha
180460,Lalji Verma,Elected,09-06-2024,In Office,First Term,Ambedkar Nagar,Uttar Pradesh,Samajwadi Party,Male,Post Graduate and above,"M.Sc. (Agriculture), Kulbhaskar Ashram Mahavidyalaya, Allahabad, Kanpur University, 1979",70,51,0,76,0.935064935, Data corresponds to the period from 24-06-2024 to 13-08-2026.,21.54095681,0.417355372,119.7049443,0.85328087,22.83333333,0.305555556,90.27777778,0.918968356,Lok Sabha
180461,Laxmikant Pappu Nishad,Elected,09-06-2024,In Office,First Term,Sant Kabir Nagar,Uttar Pradesh,Samajwadi Party,Male,Upto Higher Secondary,"Intermediate from Secondary Education Council, U.P in year 1994",51,23,0,32,0.987012987, Data corresponds to the period from 24-06-2024 to 13-08-2026.,21.54095681,0.417355372,119.7049443,0.85328087,22.83333333,0.305555556,90.27777778,0.918968356,Lok Sabha
180463,Mohibbullah,Elected,09-06-2024,In Office,First Term,Rampur,Uttar Pradesh,Samajwadi Party,Male,Post Graduate and above,"M.A. from Jamia Millia Islamia, New Delhi in year 2009",50,14,0,53,0.935064935, Data corresponds to the period from 24-06-2024 to 13-08-2026.,21.54095681,0.417355372,119.7049443,0.85328087,22.83333333,0.305555556,90.27777778,0.918968356,Lok Sabha
180464,Mukesh Rajput,Elected,09-06-2024,In Office,Third Term,Farrukhabad,Uttar Pradesh,Bharatiya Janata Party,Male,Graduate,"B.Sc. from RP Degree College, Kamalganj, Farrukhabad, Chhatrapati Shahu Ji Maharaj University, in 1990",58,18,0,75,0.980519481, Data corresponds to the period from 24-06-2024 to 13-08-2026.,21.54095681,0.417355372,119.7049443,0.85328087,22.83333333,0.305555556,90.27777778,0.918968356,Lok Sabha
180465,Narayandas Ahirwar,Elected,09-06-2024,In Office,First Term,Jalaun,Uttar Pradesh,Samajwadi Party,Male,Graduate,"B.A. from Bundelkhand University, Jhansi in year 1984; LLB from Bundelkhand University, Jhansi in year 1999",66,18,0,23,1, Data corresponds to the period from 24-06-2024 to 13-08-2026.,21.54095681,0.417355372,119.7049443,0.85328087,22.83333333,0.305555556,90.27777778,0.918968356,Lok Sabha
180467,Naresh Chandra Uttam Patel,Elected,09-06-2024,In Office,First Term,Fatehpur,Uttar Pradesh,Samajwadi Party,Male,Post Graduate and above,"M.A. from P.P.N. Degree College, Kanpur University, Kanpur in year 1978",70,22,0,18,0.974025974, Data corresponds to the period from 24-06-2024 to 13-08-2026.,21.54095681,0.417355372,119.7049443,0.85328087,22.83333333,0.305555556,90.27777778,0.918968356,Lok Sabha
180468,Neeraj Maurya,Elected,09-06-2024,In Office,First Term,Aonla,Uttar Pradesh,Samajwadi Party,Male,Graduate,Law Graduate from Ram Manohar Lohia University in 2013-14,57,33,0,116,1, Data corresponds to the period from 24-06-2024 to 13-08-2026.,21.54095681,0.417355372,119.7049443,0.85328087,22.83333333,0.305555556,90.27777778,0.918968356,Lok Sabha
180524,Mala Roy,Elected,09-06-2024,In Office,Second Term,Kolkata Dakshin,West Bengal,All India Trinamool Congress,Female,Graduate,"BA, Calcutta University, 1976",68,2,0,135,0.279220779, Data corresponds to the period from 24-06-2024 to 13-08-2026.,21.54095681,0.417355372,119.7049443,0.85328087,12.62820513,0.076923077,66.4025641,0.680357143,Lok Sabha
180470,Praveen Patel,Elected,09-06-2024,In Office,First Term,Phulpur,Uttar Pradesh,Bharatiya Janata Party,Male,Post Graduate and above,"M.A. from Chhatrapati Shahu ji University, 2000",47,37,0,334,0.967532468, Data corresponds to the period from 24-06-2024 to 13-08-2026.,21.54095681,0.417355372,119.7049443,0.85328087,22.83333333,0.305555556,90.27777778,0.918968356,Lok Sabha
180471,Priya Saroj,Elected,09-06-2024,In Office,First Term,Machhlishahr,Uttar Pradesh,Samajwadi Party,Female,Graduate,"LL.B. from Amity University, Noida in 2022",27,20,0,85,0.974025974, Data corresponds to the period from 24-06-2024 to 13-08-2026.,21.54095681,0.417355372,119.7049443,0.85328087,22.83333333,0.305555556,90.27777778,0.918968356,Lok Sabha
180472,Pushpendra Saroj,Elected,09-06-2024,In Office,First Term,Kaushambi,Uttar Pradesh,Samajwadi Party,Male,Graduate,Degree in Accounting and Management from Queen Mary University of London in year 2019,27,27,0,140,0.961038961, Data corresponds to the period from 24-06-2024 to 13-08-2026.,21.54095681,0.417355372,119.7049443,0.85328087,22.83333333,0.305555556,90.27777778,0.918968356,Lok Sabha
180473,R K Chaudhary,Elected,09-06-2024,In Office,First Term,Mohanlalganj,Uttar Pradesh,Samajwadi Party,Male,Graduate,"B.A. from Panchayat College, Bargarh; LLB from Bargarh Law College, Bargarh, Odisha",75,4,0,21,0.922077922, Data corresponds to the period from 24-06-2024 to 13-08-2026.,21.54095681,0.417355372,119.7049443,0.85328087,22.83333333,0.305555556,90.27777778,0.918968356,Lok Sabha
180474,Rahul Gandhi,Elected,09-06-2024,In Office,Fifth Term,Rae Bareli,Uttar Pradesh,Indian National Congress,Male,Post Graduate and above,"M.Phil (Development Studies) from Trinity College, University of Cambridge, in year 1995",56,17,0,64,NA,This MP is a Leader of Opposition. LoP does not sign the attendance register.  Data corresponds to the period from 24-06-2024 to 13-08-2026.,21.54095681,0.417355372,119.7049443,NA,22.83333333,0.305555556,90.27777778,NA,Lok Sabha
180479,Ram Prasad Chaudhary,Elected,09-06-2024,In Office,Second Term,Basti,Uttar Pradesh,Samajwadi Party,Male,Upto Higher Secondary,Diploma from Rajkiya Polytechnic Basti in 1978,72,11,0,7,0.967532468, Data corresponds to the period from 24-06-2024 to 13-08-2026.,21.54095681,0.417355372,119.7049443,0.85328087,22.83333333,0.305555556,90.27777778,0.918968356,Lok Sabha
180480,Ram Shiromani Verma,Elected,09-06-2024,In Office,Second Term,Shrawasti,Uttar Pradesh,Samajwadi Party,Male,Graduate,"Bachelor of Law in 2018 from Dr. Ram Manohar Lohia, Avadh University Ayodhya",51,37,0,91,1, Data corresponds to the period from 24-06-2024 to 13-08-2026.,21.54095681,0.417355372,119.7049443,0.85328087,22.83333333,0.305555556,90.27777778,0.918968356,Lok Sabha
180482,Rambhual Nishad,Elected,09-06-2024,In Office,First Term,Sultanpur,Uttar Pradesh,Samajwadi Party,Male,Graduate,"BA, National Degree College, Barhalganj Gorakhpur, 1984",66,3,0,31,0.831168831, Data corresponds to the period from 24-06-2024 to 13-08-2026.,21.54095681,0.417355372,119.7049443,0.85328087,22.83333333,0.305555556,90.27777778,0.918968356,Lok Sabha
180483,Ramesh Awasthi,Elected,09-06-2024,In Office,First Term,Kanpur,Uttar Pradesh,Bharatiya Janata Party,Male,Post Graduate and above,"M.Phil (Sociology), Vinayaka Missions University, Salem, Tamil Nadu in 2007",58,23,0,113,0.967532468, Data corresponds to the period from 24-06-2024 to 13-08-2026.,21.54095681,0.417355372,119.7049443,0.85328087,22.83333333,0.305555556,90.27777778,0.918968356,Lok Sabha
180485,Ruchi Vira,Elected,09-06-2024,In Office,First Term,Moradabad,Uttar Pradesh,Samajwadi Party,Female,Graduate,"Graduate from Hindu Degree College, Moradabad in year 1982",64,21,0,111,1, Data corresponds to the period from 24-06-2024 to 13-08-2026.,21.54095681,0.417355372,119.7049443,0.85328087,22.83333333,0.305555556,90.27777778,0.918968356,Lok Sabha
180487,Sanatan Pandey,Elected,09-06-2024,In Office,First Term,Ballia,Uttar Pradesh,Samajwadi Party,Male,Upto Higher Secondary,"Civil Diploma, Govt. Polytechnic, Mirzapur, 1980",68,24,0,102,0.883116883, Data corresponds to the period from 24-06-2024 to 13-08-2026.,21.54095681,0.417355372,119.7049443,0.85328087,22.83333333,0.305555556,90.27777778,0.918968356,Lok Sabha
180488,Satish Kumar Gautam,Elected,09-06-2024,In Office,Third Term,Aligarh,Uttar Pradesh,Bharatiya Janata Party,Male,Graduate,Graduated from Swami Vivekanand Subharti University in year 2023,54,5,0,91,0.993506494, Data corresponds to the period from 24-06-2024 to 13-08-2026.,21.54095681,0.417355372,119.7049443,0.85328087,22.83333333,0.305555556,90.27777778,0.918968356,Lok Sabha
180489,Shashank Mani,Elected,09-06-2024,In Office,First Term,Deoria,Uttar Pradesh,Bharatiya Janata Party,Male,Post Graduate and above,"B.Tech, IIT Delhi, 1986; MBA, IMD Business School, Lausanne, Switzerland",62,18,0,121,0.948051948, Data corresponds to the period from 24-06-2024 to 13-08-2026.,21.54095681,0.417355372,119.7049443,0.85328087,22.83333333,0.305555556,90.27777778,0.918968356,Lok Sabha
180490,Shiv Pal Singh Patel,Elected,09-06-2024,In Office,First Term,Pratapgarh,Uttar Pradesh,Samajwadi Party,Male,Post Graduate and above,"M.Sc., D.A.V. College, Kanpur, Kanpur University, 1979",70,12,0,2,0.844155844, Data corresponds to the period from 24-06-2024 to 13-08-2026.,21.54095681,0.417355372,119.7049443,0.85328087,22.83333333,0.305555556,90.27777778,0.918968356,Lok Sabha
180492,Tanuj Punia,Elected,09-06-2024,In Office,First Term,Barabanki,Uttar Pradesh,Indian National Congress,Male,Graduate,"B.Tech, Indian Institute of Technology, Roorkee (2010)",41,9,0,148,0.987012987, Data corresponds to the period from 24-06-2024 to 13-08-2026.,21.54095681,0.417355372,119.7049443,0.85328087,22.83333333,0.305555556,90.27777778,0.918968356,Lok Sabha
180493,Ujjwal Raman Singh,Elected,09-06-2024,In Office,First Term,Allahabad,Uttar Pradesh,Indian National Congress,Male,Graduate,"B.A. from st. Stephen College, Delhi University, 1990-93, Bachelor of Law, University Campus Law Center, Delhi University, 199393",53,25,0,73,0.993506494, Data corresponds to the period from 24-06-2024 to 13-08-2026.,21.54095681,0.417355372,119.7049443,0.85328087,22.83333333,0.305555556,90.27777778,0.918968356,Lok Sabha
180494,Utkarsh Verma Madhur,Elected,09-06-2024,In Office,First Term,Kheri,Uttar Pradesh,Samajwadi Party,Male,Graduate,"P.G.D.M. from I.T.S.I.M. Greater Noida, Uttar Pradesh in year 2010",40,28,0,74,1, Data corresponds to the period from 24-06-2024 to 13-08-2026.,21.54095681,0.417355372,119.7049443,0.85328087,22.83333333,0.305555556,90.27777778,0.918968356,Lok Sabha
180495,Vijay Kumar Dubey,Elected,09-06-2024,In Office,Second Term,Kushi Nagar,Uttar Pradesh,Bharatiya Janata Party,Male,Upto Higher Secondary,"High School, Maharana Pratap Intermediate College, Gorakhpur, 1978",66,22,0,163,0.941558442, Data corresponds to the period from 24-06-2024 to 13-08-2026.,21.54095681,0.417355372,119.7049443,0.85328087,22.83333333,0.305555556,90.27777778,0.918968356,Lok Sabha
180496,Zia Ur Rehman,Elected,09-06-2024,In Office,First Term,Sambhal,Uttar Pradesh,Samajwadi Party,Male,Graduate,Law Graduate from Choudhary Charan Singh University in 2012,38,24,0,123,0.980519481, Data corresponds to the period from 24-06-2024 to 13-08-2026.,21.54095681,0.417355372,119.7049443,0.85328087,22.83333333,0.305555556,90.27777778,0.918968356,Lok Sabha
180497,Ajay Bhatt,Elected,09-06-2024,In Office,Second Term,Nainital-Udhamsingh Nagar,Uttarakhand,Bharatiya Janata Party,Male,Graduate,"L.L.B. from Sanghatak Mahavidhyalay, Almora, (Kumaun University Nainital) in year 1984",65,21,0,67,0.954545455, Data corresponds to the period from 24-06-2024 to 13-08-2026.,21.54095681,0.417355372,119.7049443,0.85328087,9.25,NA,93.5,0.943181818,Lok Sabha
180499,Anil Baluni,Elected,09-06-2024,In Office,First Term,Garhwal,Uttarakhand,Bharatiya Janata Party,Male,Graduate,B.Com. from Delhi University in year 1993,55,3,0,14,0.961038961, Data corresponds to the period from 24-06-2024 to 13-08-2026.,21.54095681,0.417355372,119.7049443,0.85328087,9.25,NA,93.5,0.943181818,Lok Sabha
180500,Mala Rajya Laxmi Shah,Elected,09-06-2024,In Office,Fourth Term,Tehri Garhwal,Uttarakhand,Bharatiya Janata Party,Female,Upto Higher Secondary,"12th Passed from Ratna Rajya Laxmi College, Kathmandu, Nepal in year 1971",75,4,0,144,0.88961039, Data corresponds to the period from 24-06-2024 to 13-08-2026.,21.54095681,0.417355372,119.7049443,0.85328087,9.25,NA,93.5,0.943181818,Lok Sabha
180501,Trivendra Singh Rawat,Elected,09-06-2024,In Office,First Term,Haridwar,Uttarakhand,Bharatiya Janata Party,Male,Post Graduate and above,Post Graduate from P.G. College Jaiharikhal in year 1983,65,9,0,149,0.967532468, Data corresponds to the period from 24-06-2024 to 13-08-2026.,21.54095681,0.417355372,119.7049443,0.85328087,9.25,NA,93.5,0.943181818,Lok Sabha
180503,Abhishek Banerjee,Elected,09-06-2024,In Office,Third Term,Diamond Harbour,West Bengal,All India Trinamool Congress,Male,Post Graduate and above,"BBA and MBA, Indian Institute of Planning and Management, New Delhi, 2009",38,4,0,69,0.279220779, Data corresponds to the period from 24-06-2024 to 13-08-2026.,21.54095681,0.417355372,119.7049443,0.85328087,12.62820513,0.076923077,66.4025641,0.680357143,Lok Sabha
180504,Abu Taher Khan,Elected,09-06-2024,In Office,Second Term,Murshidabad,West Bengal,All India Trinamool Congress,Male,Upto Higher Secondary,Madhyamik Pass from West Bengal Board of Secondary Education in 1980,61,5,0,70,0.811688312, Data corresponds to the period from 24-06-2024 to 13-08-2026.,21.54095681,0.417355372,119.7049443,0.85328087,12.62820513,0.076923077,66.4025641,0.680357143,Lok Sabha
180506,Arup Chakraborty,Elected,09-06-2024,In Office,First Term,Bankura,West Bengal,All India Trinamool Congress,Male,Graduate,"B.A.LL.B., Ranchi University, 1979",71,2,0,24,0.448051948, Data corresponds to the period from 24-06-2024 to 13-08-2026.,21.54095681,0.417355372,119.7049443,0.85328087,12.62820513,0.076923077,66.4025641,0.680357143,Lok Sabha
180508,Azad Kirti Jha,Elected,09-06-2024,In Office,Fourth Term,Bardhaman-Durgapur,West Bengal,All India Trinamool Congress,Male,Graduate,B.A. from St. Stephens College (University of Delhi) in year 1981,67,26,0,125,0.902597403, Data corresponds to the period from 24-06-2024 to 13-08-2026.,21.54095681,0.417355372,119.7049443,0.85328087,12.62820513,0.076923077,66.4025641,0.680357143,Lok Sabha
180509,Bapi Haldar,Elected,09-06-2024,In Office,First Term,Mathurapur,West Bengal,All India Trinamool Congress,Male,Graduate,"BA, Calcutta University, 2008",39,9,0,74,0.792207792, Data corresponds to the period from 24-06-2024 to 13-08-2026.,21.54095681,0.417355372,119.7049443,0.85328087,12.62820513,0.076923077,66.4025641,0.680357143,Lok Sabha
180511,Isha Khan Choudhury,Elected,09-06-2024,In Office,First Term,Maldaha Dakshin,West Bengal,Indian National Congress,Male,Graduate,B.A. from York University in year 1996,55,8,0,19,0.798701299, Data corresponds to the period from 24-06-2024 to 13-08-2026.,21.54095681,0.417355372,119.7049443,0.85328087,12.62820513,0.076923077,66.4025641,0.680357143,Lok Sabha
180512,Jagadish Chandra Barma Basunia,Elected,09-06-2024,In Office,First Term,Coochbehar,West Bengal,All India Trinamool Congress,Male,Graduate,"Bachelor of Arts from Dinhata College, University of North Bengal, 1983",62,6,0,34,0.512987013, Data corresponds to the period from 24-06-2024 to 13-08-2026.,21.54095681,0.417355372,119.7049443,0.85328087,12.62820513,0.076923077,66.4025641,0.680357143,Lok Sabha
180513,Jagannath Sarkar,Elected,09-06-2024,In Office,Second Term,Ranaghat,West Bengal,Bharatiya Janata Party,Male,Graduate,Bachelor of Physical Education from University of Kalyani in 1986-87,63,2,0,106,0.805194805, Data corresponds to the period from 24-06-2024 to 13-08-2026.,21.54095681,0.417355372,119.7049443,0.85328087,12.62820513,0.076923077,66.4025641,0.680357143,Lok Sabha
180515,June Maliah,Elected,09-06-2024,In Office,First Term,Medinipur,West Bengal,All India Trinamool Congress,Female,Upto Higher Secondary,"Secondary School Examination under Central Board of Secondary Education (CBSE), Open School, 1988",56,31,0,53,0.792207792, Data corresponds to the period from 24-06-2024 to 13-08-2026.,21.54095681,0.417355372,119.7049443,0.85328087,12.62820513,0.076923077,66.4025641,0.680357143,Lok Sabha
180516,Jyotirmay Singh Mahato,Elected,09-06-2024,In Office,Second Term,Purulia,West Bengal,Bharatiya Janata Party,Male,Graduate,"LL.B., Rourkela Law College, Sambalpur University, 2012",41,2,0,43,0.714285714, Data corresponds to the period from 24-06-2024 to 13-08-2026.,21.54095681,0.417355372,119.7049443,0.85328087,12.62820513,0.076923077,66.4025641,0.680357143,Lok Sabha
180517,Kakoli Ghosh Dastidar,Elected,09-06-2024,In Office,Fourth Term,Barasat,West Bengal,All India Trinamool Congress,Female,Graduate,"MBBS, RG Kar Medical College and Hospital, Kolkata, 1984; PG Training in Advance Ultra Sound, King's College Hospital Medical School, London, UK, 1987",66,6,0,26,0.616883117, Data corresponds to the period from 24-06-2024 to 13-08-2026.,21.54095681,0.417355372,119.7049443,0.85328087,12.62820513,0.076923077,66.4025641,0.680357143,Lok Sabha
180518,Kalipada Saren Kherwal,Elected,09-06-2024,In Office,First Term,Jhargram,West Bengal,All India Trinamool Congress,Male,Post Graduate and above,"MA, Rabindra Bharati University, 1984",68,18,0,44,0.811688312, Data corresponds to the period from 24-06-2024 to 13-08-2026.,21.54095681,0.417355372,119.7049443,0.85328087,12.62820513,0.076923077,66.4025641,0.680357143,Lok Sabha
180519,Kalyan Banerjee,Elected,09-06-2024,In Office,Fourth Term,Srerampur,West Bengal,All India Trinamool Congress,Male,Graduate,"B.Com. from University of Burdwan (1972-75), LL.B. from University of Ranchi (1976-79)",69,25,0,72,0.753246753, Data corresponds to the period from 24-06-2024 to 13-08-2026.,21.54095681,0.417355372,119.7049443,0.85328087,12.62820513,0.076923077,66.4025641,0.680357143,Lok Sabha
180520,Kartick Chandra Paul,Elected,09-06-2024,In Office,First Term,Raiganj,West Bengal,Bharatiya Janata Party,Male,Graduate,B.Com. from Kaliyaganj College Under North Bengal University in year 1994,51,4,0,27,0.922077922, Data corresponds to the period from 24-06-2024 to 13-08-2026.,21.54095681,0.417355372,119.7049443,0.85328087,12.62820513,0.076923077,66.4025641,0.680357143,Lok Sabha
180521,Khagen Murmu,Elected,09-06-2024,In Office,Second Term,Maldaha Uttar,West Bengal,Bharatiya Janata Party,Male,Graduate,"B.A. from RLSJ College, Patna, Bihar, Magadh University in year 1989",66,34,0,297,0.948051948, Data corresponds to the period from 24-06-2024 to 13-08-2026.,21.54095681,0.417355372,119.7049443,0.85328087,12.62820513,0.076923077,66.4025641,0.680357143,Lok Sabha
180523,Mahua Moitra,Elected,09-06-2024,In Office,Second Term,Krishnanagar,West Bengal,All India Trinamool Congress,Female,Graduate,"B.A. (Mathematics & Economics) from Mount Holyoke College, USA in year 1998",51,17,0,74,0.883116883, Data corresponds to the period from 24-06-2024 to 13-08-2026.,21.54095681,0.417355372,119.7049443,0.85328087,12.62820513,0.076923077,66.4025641,0.680357143,Lok Sabha
180525,Manoj Tigga,Elected,09-06-2024,In Office,First Term,Alipurduars,West Bengal,Bharatiya Janata Party,Male,Graduate,"B.Sc. (Bio) from A.C. College, Jalpaiguri, North Bengal University in year 1996",54,5,0,4,0.876623377, Data corresponds to the period from 24-06-2024 to 13-08-2026.,21.54095681,0.417355372,119.7049443,0.85328087,12.62820513,0.076923077,66.4025641,0.680357143,Lok Sabha
180526,Mitali Bag,Elected,09-06-2024,In Office,First Term,Arambagh,West Bengal,All India Trinamool Congress,Female,Post Graduate and above,"B.Ed from Vidyasagar University in the year 2011, M.A. from Burdwan University in the year 2001",49,13,0,27,0.649350649, Data corresponds to the period from 24-06-2024 to 13-08-2026.,21.54095681,0.417355372,119.7049443,0.85328087,12.62820513,0.076923077,66.4025641,0.680357143,Lok Sabha
180527,Partha Bhowmick,Elected,09-06-2024,In Office,First Term,Barrackpur,West Bengal,All India Trinamool Congress,Male,Post Graduate and above,"Master Degree in Commerce from Rishi Bankim Chandra Evening University, University of Calcutta (1986-1987)",62,2,0,7,0.168831169, Data corresponds to the period from 24-06-2024 to 13-08-2026.,21.54095681,0.417355372,119.7049443,0.85328087,12.62820513,0.076923077,66.4025641,0.680357143,Lok Sabha
180528,Pathan Yusuf,Elected,09-06-2024,In Office,First Term,Baharampur,West Bengal,All India Trinamool Congress,Male,Upto Higher Secondary,"11th Pass from MES High School, Nagarwada, Vadodara, Gujarat",41,14,0,100,0.61038961, Data corresponds to the period from 24-06-2024 to 13-08-2026.,21.54095681,0.417355372,119.7049443,0.85328087,12.62820513,0.076923077,66.4025641,0.680357143,Lok Sabha
180530,Pratima Mondal,Elected,09-06-2024,In Office,Third Term,Joynagar,West Bengal,All India Trinamool Congress,Female,Post Graduate and above,"MA (History), Calcutta University, 1993; B.Ed., Calcutta University, 1989",60,46,0,96,0.831168831, Data corresponds to the period from 24-06-2024 to 13-08-2026.,21.54095681,0.417355372,119.7049443,0.85328087,12.62820513,0.076923077,66.4025641,0.680357143,Lok Sabha
180531,Rachna Banerjee,Elected,09-06-2024,In Office,First Term,Hooghly,West Bengal,All India Trinamool Congress,Female,Upto Higher Secondary,"Higher Secondary, West Bengal Council for Higher Secondary Education (1992)",53,5,0,117,0.448051948, Data corresponds to the period from 24-06-2024 to 13-08-2026.,21.54095681,0.417355372,119.7049443,0.85328087,12.62820513,0.076923077,66.4025641,0.680357143,Lok Sabha
180533,Sajda Ahmed,Elected,09-06-2024,In Office,Third Term,Uluberia,West Bengal,All India Trinamool Congress,Female,Graduate,B.A. from University of Calcutta in year 1983,64,8,0,62,0.577922078, Data corresponds to the period from 24-06-2024 to 13-08-2026.,21.54095681,0.417355372,119.7049443,0.85328087,12.62820513,0.076923077,66.4025641,0.680357143,Lok Sabha
180534,Satabdi Roy,Elected,09-06-2024,In Office,Fourth Term,Birbhum,West Bengal,All India Trinamool Congress,Female,Graduate,B.A. from Jogmaya Devi College under Kolkata University in year 1992,56,15,0,19,0.75974026, Data corresponds to the period from 24-06-2024 to 13-08-2026.,21.54095681,0.417355372,119.7049443,0.85328087,12.62820513,0.076923077,66.4025641,0.680357143,Lok Sabha
180535,Saumitra Khan,Elected,09-06-2024,In Office,Third Term,Bishnupur,West Bengal,Bharatiya Janata Party,Male,Upto Higher Secondary,"Higher Secondary Pass, West Bengal Council of Higher Secondary Education, 1999",45,15,0,100,0.785714286, Data corresponds to the period from 24-06-2024 to 13-08-2026.,21.54095681,0.417355372,119.7049443,0.85328087,12.62820513,0.076923077,66.4025641,0.680357143,Lok Sabha
180536,Sayani Ghosh,Elected,09-06-2024,In Office,First Term,Jadavpur,West Bengal,All India Trinamool Congress,Female,Upto Higher Secondary,"Higher Secondary (Council for the Indian School Certificate Examinations Board), Hirendra Leela Patranavis, School, 2011",33,12,0,107,0.837662338, Data corresponds to the period from 24-06-2024 to 13-08-2026.,21.54095681,0.417355372,119.7049443,0.85328087,12.62820513,0.076923077,66.4025641,0.680357143,Lok Sabha
180541,Sougata Ray,Elected,09-06-2024,In Office,Fifth Term,Dum Dum,West Bengal,All India Trinamool Congress,Male,Post Graduate and above,"M.Sc, Presidency College, Calcutta University, 1972; LLB, Jogesh Chandra Chowdhury Law College, 1982",79,67,0,178,0.831168831, Data corresponds to the period from 24-06-2024 to 13-08-2026.,21.54095681,0.417355372,119.7049443,0.85328087,12.62820513,0.076923077,66.4025641,0.680357143,Lok Sabha
180001,Bishnu Pada Ray,Elected,09-06-2024,In Office,Fourth Term,Andaman and Nicobar Islands,Andaman & Nicobar Islands,Bharatiya Janata Party,Male,Graduate,B.Com. (Hons.) from University of Calcutta in year 1973,76,9,0,29,0.902597403, Data corresponds to the period from 24-06-2024 to 13-08-2026.,21.54095681,0.417355372,119.7049443,0.85328087,9,NA,29,0.902597403,Lok Sabha
180257,Chavan Vasantrao Balwantrao,Elected,09-06-2024,26-08-2024,First Term,Nanded,Maharashtra,Indian National Congress,Male,Upto Higher Secondary,"B.Com. (Part-I) from People's College, Nanded, Marathwada University, Aurangabad in year 1971-72",71,0,0,17,0.681818182, Data corresponds to the period from 24-06-2024 to 13-08-2026.,4.030991736,0.134297521,11.51859504,0.85328087,4.76744186,0.209302326,20.60465116,0.844278827,Lok Sabha
180539,Shatrughan Prasad Sinha,Elected,09-06-2024,In Office,Fourth Term,Asansol,West Bengal,All India Trinamool Congress,Male,Graduate,"Graduate from Film & Television Institute, Pune in year 1967",80,0,0,6,0.636363636, Data corresponds to the period from 24-06-2024 to 13-08-2026.,21.54095681,0.417355372,119.7049443,0.85328087,12.62820513,0.076923077,66.4025641,0.680357143,Lok Sabha
180157,Kali Charan Singh,Elected,09-06-2024,In Office,First Term,Chatra,Jharkhand,Bharatiya Janata Party,Male,Graduate,B.Sc. from Ranchi University in year 1981,64,0,0,97,0.941558442, Data corresponds to the period from 24-06-2024 to 13-08-2026.,21.54095681,0.417355372,119.7049443,0.85328087,25.5,1,145.0833333,0.870670996,Lok Sabha
180233,Mahendra Singh Solanky,Elected,09-06-2024,In Office,Second Term,Dewas,Madhya Pradesh,Bharatiya Janata Party,Male,Graduate,"L.L.B. from Indore Institute of Law, Devi Ahilya University, Indore, in 2006",42,0,0,99,0.987012987, Data corresponds to the period from 24-06-2024 to 13-08-2026.,21.54095681,0.417355372,119.7049443,0.85328087,18.375,0.291666667,135.5416667,0.919642857,Lok Sabha
180244,Aashtikar Patil Nagesh Bapurao,Elected,09-06-2024,In Office,First Term,Hingoli,Maharashtra,Shiv Sena (Uddhav Balasaheb Thackeray),Male,Graduate,"B.Com. from Dr. Babasaheb Ambedkar Marathwada Vidyapeeth, Aurangabad in year 1993-94",54,0,0,88,0.642857143, Data corresponds to the period from 24-06-2024 to 13-08-2026.,21.54095681,0.417355372,119.7049443,0.85328087,31.9772979,0.88372093,181.1135105,0.844278827,Lok Sabha
180270,Narayan Tatu Rane,Elected,09-06-2024,In Office,First Term,Ratnagiri-Sindhudurg,Maharashtra,Bharatiya Janata Party,Male,Upto Higher Secondary,"11th Standard Passed from Ghatkopar Shikshan Prasarak Mandal's Ratra Shala, Ghatkopar, Mumbai in year 1970",74,0,0,103,0.564935065, Data corresponds to the period from 24-06-2024 to 13-08-2026.,21.54095681,0.417355372,119.7049443,0.85328087,31.9772979,0.88372093,181.1135105,0.844278827,Lok Sabha
180408,Kunduru Raghuveer,Elected,09-06-2024,In Office,First Term,Nalgonda,Telangana,Indian National Congress,Male,Upto Higher Secondary,"Intermediate from St. Mary's Junior College. Yusufgada, Hyderabad in 1997",46,0,0,67,0.642857143, Data corresponds to the period from 24-06-2024 to 13-08-2026.,21.54095681,0.417355372,119.7049443,0.85328087,16.2,0.133333333,122.6666667,0.843290043,Lok Sabha
180478,Rakesh Rathor,Elected,09-06-2024,In Office,First Term,Sitapur,Uttar Pradesh,Indian National Congress,Male,Graduate,"Graduation, Chhatrapati Shahu Ji Maharaj University, Kanpur in 2022",61,0,0,55,0.701298701, Data corresponds to the period from 24-06-2024 to 13-08-2026.,21.54095681,0.417355372,119.7049443,0.85328087,22.83333333,0.305555556,90.27777778,0.918968356,Lok Sabha
180505,Adhikari Soumendu,Elected,09-06-2024,In Office,First Term,Kanthi,West Bengal,Bharatiya Janata Party,Male,Post Graduate and above,"MA(English), Vidyasagar University, 2010",43,0,0,38,0.837662338, Data corresponds to the period from 24-06-2024 to 13-08-2026.,21.54095681,0.417355372,119.7049443,0.85328087,12.62820513,0.076923077,66.4025641,0.680357143,Lok Sabha
180510,Adhikari Deepak Dev,Elected,09-06-2024,In Office,Third Term,Ghatal,West Bengal,All India Trinamool Congress,Male,Upto Higher Secondary,"Diploma in Computer Technology, BV. Jawaharlal Nehru Institute of Technology (Bharatiya Vidyapeeth), 2003",43,0,0,97,0.077922078, Data corresponds to the period from 24-06-2024 to 13-08-2026.,21.54095681,0.417355372,119.7049443,0.85328087,12.62820513,0.076923077,66.4025641,0.680357143,Lok Sabha
180306,Dharmendra Pradhan,Elected,09-06-2024,In Office,Second Term,Sambalpur,Odisha,Bharatiya Janata Party,Male,Post Graduate and above,"MA (Anthropology), Utkal University, Vani Nihar, Bhubaneswar, Odisha, 1990",57,0,NA,0,0,"This MP was a minister till Jul 25, 2026. Ministers represent the government in debates, so we do not report their participation.  They do not sign the attendance register, ask questions, or introduce private member bills. Participation and attendance details for this MP are thus available only from Jul 26, 2026. Data corresponds to the period from 24-06-2024 to 13-08-2026.",0.83436853,NA,11.90890269,0.85328087,1.1,NA,14.45,0.836688312,Lok Sabha
180542,Sudip Bandyopadhyay,Elected,09-06-2024,In Office,Sixth Term,Kolkata Uttar,West Bengal,All India Trinamool Congress,Male,Graduate,"BSc, Calcutta University, 1970",77,5,0,0,0.376623377, Data corresponds to the period from 24-06-2024 to 13-08-2026.,21.54095681,0.417355372,119.7049443,0.85328087,12.62820513,0.076923077,66.4025641,0.680357143,Lok Sabha
180064,Radha Mohan Singh,Elected,09-06-2024,In Office,Seventh Term,Purvi Champaran,Bihar,Bharatiya Janata Party,Male,Graduate,"BA, Munshi Singh College, Motihari, Bihar University, 1971",76,4,0,0,0.954545455, Data corresponds to the period from 24-06-2024 to 13-08-2026.,21.54095681,0.417355372,119.7049443,0.85328087,22.94117647,0.588235294,104.4117647,0.892475172,Lok Sabha
180072,Ravi Shankar Prasad,Elected,09-06-2024,In Office,Second Term,Patna Sahib,Bihar,Bharatiya Janata Party,Male,Graduate,"LLB, Patna Law College, Patna University, 1979; MA, Patna College, Patna University, 1976; BA (Pol. Sc. and Hon.), Patna College, Patna University, 1974",71,6,0,0,0.746753247, Data corresponds to the period from 24-06-2024 to 13-08-2026.,21.54095681,0.417355372,119.7049443,0.85328087,22.94117647,0.588235294,104.4117647,0.892475172,Lok Sabha
180175,K Rajashekar Basavaraj Hitnal,Elected,09-06-2024,In Office,First Term,Koppal,Karnataka,Indian National Congress,Male,Upto Higher Secondary,"PUC- Science ISS College, Dharwad in 1997-98",47,1,0,0,0.655844156, Data corresponds to the period from 24-06-2024 to 13-08-2026.,21.54095681,0.417355372,119.7049443,0.85328087,11.70833333,0.083333333,96.08333333,0.802489177,Lok Sabha
180292,Alfred Kanngam S Arthur,Elected,09-06-2024,In Office,First Term,Outer Manipur,Manipur,Indian National Congress,Male,Upto Higher Secondary,12th Passed,53,4,0,0,0.701298701, Data corresponds to the period from 24-06-2024 to 13-08-2026.,21.54095681,0.417355372,119.7049443,0.85328087,10,NA,30.5,0.75974026,Lok Sabha
180418,Afzal Ansari,Elected,09-06-2024,In Office,Third Term,Ghazipur,Uttar Pradesh,Samajwadi Party,Male,Post Graduate and above,"MA (History), Post Graduate College, Ghazipur, 1978",73,3,0,0,0.811688312, Data corresponds to the period from 24-06-2024 to 13-08-2026.,21.54095681,0.417355372,119.7049443,0.85328087,22.83333333,0.305555556,90.27777778,0.918968356,Lok Sabha
180420,Akhilesh Yadav,Elected,09-06-2024,In Office,Fifth Term,Kannauj,Uttar Pradesh,Samajwadi Party,Male,Graduate,B.E. (Civil Environment) from Mysore University in year 1994-95,53,18,0,0,0.448051948, Data corresponds to the period from 24-06-2024 to 13-08-2026.,21.54095681,0.417355372,119.7049443,0.85328087,22.83333333,0.305555556,90.27777778,0.918968356,Lok Sabha
180431,Awadhesh Prasad,Elected,09-06-2024,In Office,First Term,Faizabad,Uttar Pradesh,Samajwadi Party,Male,Post Graduate and above,"M.A. from D.A.V. College, Kanpur in year 1966; L.L.B. from Lucknow University in year 1968",81,15,0,0,0.915584416, Data corresponds to the period from 24-06-2024 to 13-08-2026.,21.54095681,0.417355372,119.7049443,0.85328087,22.83333333,0.305555556,90.27777778,0.918968356,Lok Sabha
180462,Mahesh Sharma,Elected,09-06-2024,In Office,Third Term,Gautam Buddha Nagar,Uttar Pradesh,Bharatiya Janata Party,Male,Graduate,"M.B.B.S. from University College of Medical Sciences, Delhi University in year 1982",66,1,0,0,0.883116883, Data corresponds to the period from 24-06-2024 to 13-08-2026.,21.54095681,0.417355372,119.7049443,0.85328087,22.83333333,0.305555556,90.27777778,0.918968356,Lok Sabha
180502,Abhijit Gangopadhyay,Elected,09-06-2024,In Office,First Term,Tamluk,West Bengal,Bharatiya Janata Party,Male,Graduate,"LLB, University College of Law, Calcutta University, 1991",63,6,0,0,0.87012987, Data corresponds to the period from 24-06-2024 to 13-08-2026.,21.54095681,0.417355372,119.7049443,0.85328087,12.62820513,0.076923077,66.4025641,0.680357143,Lok Sabha
180507,Asit Kumar Mal,Elected,09-06-2024,In Office,Second Term,Bolpur,West Bengal,All India Trinamool Congress,Male,Upto Higher Secondary,School Final from Margram High School in year 1973 (W.B.B.S.E),71,7,0,0,0.857142857, Data corresponds to the period from 24-06-2024 to 13-08-2026.,21.54095681,0.417355372,119.7049443,0.85328087,12.62820513,0.076923077,66.4025641,0.680357143,Lok Sabha
180529,Prasun Banerjee,Elected,09-06-2024,In Office,Fourth Term,Howrah,West Bengal,All India Trinamool Congress,Male,Graduate,"Bachelor of Science, Calcutta University (1973)",71,1,0,0,0.75974026, Data corresponds to the period from 24-06-2024 to 13-08-2026.,21.54095681,0.417355372,119.7049443,0.85328087,12.62820513,0.076923077,66.4025641,0.680357143,Lok Sabha
180540,Sk Nurul Islam,Elected,09-06-2024,25-09-2024,Second Term,Basirhat,West Bengal,All India Trinamool Congress,Male,Upto Higher Secondary,"Passed Alim, Kharki Islamia Senior Madrasah, 1977",62,0,0,0,0.045454545, Data corresponds to the period from 24-06-2024 to 13-08-2026.,4.030991736,0.134297521,11.51859504,0.85328087,2.5,NA,6.3,0.680357143,Lok Sabha
180060,Misha Bharti,Elected,09-06-2024,In Office,First Term,Patliputra,Bihar,Rashtriya Janata Dal,Female,Graduate,"MBBS, Patna Medical College, Patna University, 2000",50,0,0,0,0.409090909, Data corresponds to the period from 24-06-2024 to 13-08-2026.,21.54095681,0.417355372,119.7049443,0.85328087,22.94117647,0.588235294,104.4117647,0.892475172,Lok Sabha
180078,Surendra Prasad Yadav,Elected,09-06-2024,In Office,Second Term,Jahanabad,Bihar,Rashtriya Janata Dal,Male,Post Graduate and above,"Post Graduation, Magadh University, 1992",67,0,0,0,0.714285714, Data corresponds to the period from 24-06-2024 to 13-08-2026.,21.54095681,0.417355372,119.7049443,0.85328087,22.94117647,0.588235294,104.4117647,0.892475172,Lok Sabha
180284,Chh. Udayanraje Pratapsinha Maharaj Bhonsle,Elected,09-06-2024,In Office,Fourth Term,Satara,Maharashtra,Bharatiya Janata Party,Male,Upto Higher Secondary,"H.S.C. from Fergusson College, Pune in year 1984",60,0,0,0,0.422077922, Data corresponds to the period from 24-06-2024 to 13-08-2026.,21.54095681,0.417355372,119.7049443,0.85328087,31.9772979,0.88372093,181.1135105,0.844278827,Lok Sabha
180322,Amritpal Singh,Elected,09-06-2024,In Office,First Term,Khadoor Sahib,Punjab,Independent,Male,Upto Higher Secondary,"Matriculation from K G Holy Heart Public School, Pheruman, PSEB in 2008 ",33,0,0,0,0.006493506, Data corresponds to the period from 24-06-2024 to 13-08-2026.,21.54095681,0.417355372,119.7049443,0.85328087,15.38461538,0.153846154,72.07692308,0.697302697,Lok Sabha
180351,Om Birla,Elected,09-06-2024,In Office,Third Term,Kota,Rajasthan,Bharatiya Janata Party,Male,Post Graduate and above,"M.Com. from Rajasthan University, Jaipur in year 1987",63,0,0,0,NA,"As a Speaker, this MP does not sign the attendance register and participate in debates and questions. Data corresponds to the period from 24-06-2024 to 13-08-2026.",21.54095681,0.417355372,119.7049443,NA,33.66666667,0.761904762,160.6666667,NA,Lok Sabha
180491,Swami Sachidanand Hari Sakshi,Elected,09-06-2024,In Office,Sixth Term,Unnao,Uttar Pradesh,Bharatiya Janata Party,Male,Post Graduate and above,"Ph.D. from Haryana Sanskrit Adarsh ??Vidyapeeth, Baghaula, Haryana in 1984",70,0,0,0,0.896103896, Data corresponds to the period from 24-06-2024 to 13-08-2026.,21.54095681,0.417355372,119.7049443,0.85328087,22.83333333,0.305555556,90.27777778,0.918968356,Lok Sabha
